series_id,group_id,surface
0,0,13,fine_concrete
1,1,31,concrete
2,2,20,concrete
3,3,31,concrete
4,4,22,soft_tiles
5,5,1,tiled
6,6,34,soft_pvc
7,7,31,concrete
8,8,33,hard_tiles_large_space
9,9,11,tiled
10,10,26,soft_pvc
11,11,1,tiled
12,12,25,carpet
13,13,25,carpet
14,14,12,concrete
15,15,7,carpet
16,16,7,carpet
17,17,21,soft_tiles
18,18,8,tiled
19,19,9,soft_tiles
20,20,11,tiled
21,21,33,hard_tiles_large_space
22,22,22,soft_tiles
23,23,28,tiled
24,24,9,soft_tiles
25,25,15,soft_tiles
26,26,13,fine_concrete
27,27,27,hard_tiles
28,28,11,tiled
29,29,33,hard_tiles_large_space
30,30,9,soft_tiles
31,31,9,soft_tiles
32,32,35,fine_concrete
33,33,32,concrete
34,34,20,concrete
35,35,12,concrete
36,36,1,tiled
37,37,25,carpet
38,38,34,soft_pvc
39,39,23,wood
40,40,13,fine_concrete
41,41,14,wood
42,42,35,fine_concrete
43,43,23,wood
44,44,15,soft_tiles
45,45,27,hard_tiles
46,46,26,soft_pvc
47,47,30,fine_concrete
48,48,32,concrete
49,49,3,soft_pvc
50,50,32,concrete
51,51,9,soft_tiles
52,52,9,soft_tiles
53,53,20,concrete
54,54,25,carpet
55,55,22,soft_tiles
56,56,35,fine_concrete
57,57,35,fine_concrete
58,58,7,carpet
59,59,22,soft_tiles
60,60,32,concrete
61,61,28,tiled
62,62,29,soft_pvc
63,63,16,hard_tiles_large_space
64,64,3,soft_pvc
65,65,32,concrete
66,66,8,tiled
67,67,28,tiled
68,68,20,concrete
69,69,3,soft_pvc
70,70,0,concrete
71,71,12,concrete
72,72,3,soft_pvc
73,73,34,soft_pvc
74,74,23,wood
75,75,35,fine_concrete
76,76,9,soft_tiles
77,77,13,fine_concrete
78,78,29,soft_pvc
79,79,35,fine_concrete
80,80,9,soft_tiles
81,81,1,tiled
82,82,34,soft_pvc
83,83,10,wood
84,84,35,fine_concrete
85,85,15,soft_tiles
86,86,20,concrete
87,87,26,soft_pvc
88,88,9,soft_tiles
89,89,23,wood
90,90,29,soft_pvc
91,91,26,soft_pvc
92,92,30,fine_concrete
93,93,13,fine_concrete
94,94,0,concrete
95,95,22,soft_tiles
96,96,10,wood
97,97,14,wood
98,98,33,hard_tiles_large_space
99,99,11,tiled
100,100,13,fine_concrete
101,101,21,soft_tiles
102,102,10,wood
103,103,26,soft_pvc
104,104,13,fine_concrete
105,105,19,soft_pvc
106,106,4,soft_tiles
107,107,21,soft_tiles
108,108,29,soft_pvc
109,109,19,soft_pvc
110,110,23,wood
111,111,13,fine_concrete
112,112,18,soft_pvc
113,113,12,concrete
114,114,4,soft_tiles
115,115,6,soft_pvc
116,116,18,soft_pvc
117,117,15,soft_tiles
118,118,25,carpet
119,119,16,hard_tiles_large_space
120,120,1,tiled
121,121,17,soft_tiles
122,122,29,soft_pvc
123,123,19,soft_pvc
124,124,33,hard_tiles_large_space
125,125,32,concrete
126,126,8,tiled
127,127,8,tiled
128,128,7,carpet
129,129,4,soft_tiles
130,130,19,soft_pvc
131,131,6,soft_pvc
132,132,13,fine_concrete
133,133,26,soft_pvc
134,134,15,soft_tiles
135,135,4,soft_tiles
136,136,4,soft_tiles
137,137,9,soft_tiles
138,138,23,wood
139,139,0,concrete
140,140,4,soft_tiles
141,141,11,tiled
142,142,33,hard_tiles_large_space
143,143,29,soft_pvc
144,144,0,concrete
145,145,17,soft_tiles
146,146,11,tiled
147,147,14,wood
148,148,27,hard_tiles
149,149,7,carpet
150,150,9,soft_tiles
151,151,0,concrete
152,152,0,concrete
153,153,16,hard_tiles_large_space
154,154,6,soft_pvc
155,155,13,fine_concrete
156,156,17,soft_tiles
157,157,0,concrete
158,158,6,soft_pvc
159,159,22,soft_tiles
160,160,28,tiled
161,161,13,fine_concrete
162,162,12,concrete
163,163,34,soft_pvc
164,164,14,wood
165,165,33,hard_tiles_large_space
166,166,26,soft_pvc
167,167,13,fine_concrete
168,168,35,fine_concrete
169,169,13,fine_concrete
170,170,11,tiled
171,171,1,tiled
172,172,14,wood
173,173,20,concrete
174,174,8,tiled
175,175,16,hard_tiles_large_space
176,176,7,carpet
177,177,10,wood
178,178,6,soft_pvc
179,179,16,hard_tiles_large_space
180,180,9,soft_tiles
181,181,1,tiled
182,182,20,concrete
183,183,16,hard_tiles_large_space
184,184,19,soft_pvc
185,185,33,hard_tiles_large_space
186,186,18,soft_pvc
187,187,11,tiled
188,188,7,carpet
189,189,27,hard_tiles
190,190,35,fine_concrete
191,191,21,soft_tiles
192,192,10,wood
193,193,29,soft_pvc
194,194,35,fine_concrete
195,195,5,concrete
196,196,22,soft_tiles
197,197,10,wood
198,198,0,concrete
199,199,12,concrete
200,200,28,tiled
201,201,29,soft_pvc
202,202,5,concrete
203,203,18,soft_pvc
204,204,14,wood
205,205,26,soft_pvc
206,206,7,carpet
207,207,2,wood
208,208,12,concrete
209,209,16,hard_tiles_large_space
210,210,21,soft_tiles
211,211,19,soft_pvc
212,212,12,concrete
213,213,25,carpet
214,214,34,soft_pvc
215,215,2,wood
216,216,2,wood
217,217,23,wood
218,218,21,soft_tiles
219,219,7,carpet
220,220,28,tiled
221,221,9,soft_tiles
222,222,3,soft_pvc
223,223,3,soft_pvc
224,224,33,hard_tiles_large_space
225,225,11,tiled
226,226,10,wood
227,227,3,soft_pvc
228,228,19,soft_pvc
229,229,10,wood
230,230,31,concrete
231,231,35,fine_concrete
232,232,26,soft_pvc
233,233,20,concrete
234,234,11,tiled
235,235,0,concrete
236,236,15,soft_tiles
237,237,18,soft_pvc
238,238,13,fine_concrete
239,239,1,tiled
240,240,4,soft_tiles
241,241,3,soft_pvc
242,242,20,concrete
243,243,20,concrete
244,244,25,carpet
245,245,17,soft_tiles
246,246,18,soft_pvc
247,247,29,soft_pvc
248,248,15,soft_tiles
249,249,6,soft_pvc
250,250,25,carpet
251,251,2,wood
252,252,29,soft_pvc
253,253,9,soft_tiles
254,254,1,tiled
255,255,23,wood
256,256,2,wood
257,257,27,hard_tiles
258,258,4,soft_tiles
259,259,15,soft_tiles
260,260,34,soft_pvc
261,261,12,concrete
262,262,34,soft_pvc
263,263,10,wood
264,264,3,soft_pvc
265,265,10,wood
266,266,19,soft_pvc
267,267,26,soft_pvc
268,268,20,concrete
269,269,26,soft_pvc
270,270,10,wood
271,271,8,tiled
272,272,21,soft_tiles
273,273,16,hard_tiles_large_space
274,274,13,fine_concrete
275,275,15,soft_tiles
276,276,11,tiled
277,277,12,concrete
278,278,15,soft_tiles
279,279,6,soft_pvc
280,280,35,fine_concrete
281,281,20,concrete
282,282,34,soft_pvc
283,283,19,soft_pvc
284,284,28,tiled
285,285,33,hard_tiles_large_space
286,286,19,soft_pvc
287,287,18,soft_pvc
288,288,29,soft_pvc
289,289,18,soft_pvc
290,290,29,soft_pvc
291,291,4,soft_tiles
292,292,21,soft_tiles
293,293,9,soft_tiles
294,294,29,soft_pvc
295,295,29,soft_pvc
296,296,33,hard_tiles_large_space
297,297,23,wood
298,298,4,soft_tiles
299,299,32,concrete
300,300,33,hard_tiles_large_space
301,301,26,soft_pvc
302,302,19,soft_pvc
303,303,1,tiled
304,304,31,concrete
305,305,8,tiled
306,306,32,concrete
307,307,4,soft_tiles
308,308,7,carpet
309,309,8,tiled
310,310,5,concrete
311,311,33,hard_tiles_large_space
312,312,7,carpet
313,313,11,tiled
314,314,21,soft_tiles
315,315,32,concrete
316,316,21,soft_tiles
317,317,28,tiled
318,318,7,carpet
319,319,32,concrete
320,320,6,soft_pvc
321,321,4,soft_tiles
322,322,23,wood
323,323,20,concrete
324,324,1,tiled
325,325,26,soft_pvc
326,326,6,soft_pvc
327,327,19,soft_pvc
328,328,14,wood
329,329,19,soft_pvc
330,330,20,concrete
331,331,34,soft_pvc
332,332,2,wood
333,333,0,concrete
334,334,15,soft_tiles
335,335,12,concrete
336,336,23,wood
337,337,19,soft_pvc
338,338,28,tiled
339,339,22,soft_tiles
340,340,6,soft_pvc
341,341,23,wood
342,342,20,concrete
343,343,16,hard_tiles_large_space
344,344,24,wood
345,345,0,concrete
346,346,3,soft_pvc
347,347,8,tiled
348,348,4,soft_tiles
349,349,20,concrete
350,350,33,hard_tiles_large_space
351,351,21,soft_tiles
352,352,35,fine_concrete
353,353,12,concrete
354,354,26,soft_pvc
355,355,14,wood
356,356,0,concrete
357,357,21,soft_tiles
358,358,35,fine_concrete
359,359,10,wood
360,360,0,concrete
361,361,3,soft_pvc
362,362,32,concrete
363,363,3,soft_pvc
364,364,26,soft_pvc
365,365,21,soft_tiles
366,366,1,tiled
367,367,19,soft_pvc
368,368,28,tiled
369,369,23,wood
370,370,9,soft_tiles
371,371,9,soft_tiles
372,372,9,soft_tiles
373,373,31,concrete
374,374,29,soft_pvc
375,375,21,soft_tiles
376,376,33,hard_tiles_large_space
377,377,15,soft_tiles
378,378,8,tiled
379,379,22,soft_tiles
380,380,15,soft_tiles
381,381,26,soft_pvc
382,382,28,tiled
383,383,26,soft_pvc
384,384,16,hard_tiles_large_space
385,385,21,soft_tiles
386,386,1,tiled
387,387,31,concrete
388,388,29,soft_pvc
389,389,25,carpet
390,390,26,soft_pvc
391,391,23,wood
392,392,25,carpet
393,393,35,fine_concrete
394,394,35,fine_concrete
395,395,25,carpet
396,396,20,concrete
397,397,21,soft_tiles
398,398,16,hard_tiles_large_space
399,399,15,soft_tiles
400,400,0,concrete
401,401,12,concrete
402,402,18,soft_pvc
403,403,32,concrete
404,404,12,concrete
405,405,21,soft_tiles
406,406,4,soft_tiles
407,407,29,soft_pvc
408,408,20,concrete
409,409,3,soft_pvc
410,410,11,tiled
411,411,11,tiled
412,412,34,soft_pvc
413,413,18,soft_pvc
414,414,31,concrete
415,415,13,fine_concrete
416,416,34,soft_pvc
417,417,10,wood
418,418,23,wood
419,419,31,concrete
420,420,3,soft_pvc
421,421,21,soft_tiles
422,422,11,tiled
423,423,6,soft_pvc
424,424,18,soft_pvc
425,425,22,soft_tiles
426,426,16,hard_tiles_large_space
427,427,12,concrete
428,428,0,concrete
429,429,1,tiled
430,430,6,soft_pvc
431,431,1,tiled
432,432,33,hard_tiles_large_space
433,433,34,soft_pvc
434,434,18,soft_pvc
435,435,26,soft_pvc
436,436,14,wood
437,437,34,soft_pvc
438,438,20,concrete
439,439,15,soft_tiles
440,440,9,soft_tiles
441,441,35,fine_concrete
442,442,23,wood
443,443,16,hard_tiles_large_space
444,444,3,soft_pvc
445,445,9,soft_tiles
446,446,10,wood
447,447,23,wood
448,448,22,soft_tiles
449,449,12,concrete
450,450,1,tiled
451,451,34,soft_pvc
452,452,9,soft_tiles
453,453,3,soft_pvc
454,454,9,soft_tiles
455,455,21,soft_tiles
456,456,19,soft_pvc
457,457,16,hard_tiles_large_space
458,458,21,soft_tiles
459,459,27,hard_tiles
460,460,15,soft_tiles
461,461,10,wood
462,462,16,hard_tiles_large_space
463,463,22,soft_tiles
464,464,34,soft_pvc
465,465,26,soft_pvc
466,466,20,concrete
467,467,34,soft_pvc
468,468,9,soft_tiles
469,469,31,concrete
470,470,32,concrete
471,471,31,concrete
472,472,6,soft_pvc
473,473,10,wood
474,474,22,soft_tiles
475,475,13,fine_concrete
476,476,11,tiled
477,477,29,soft_pvc
478,478,22,soft_tiles
479,479,12,concrete
480,480,4,soft_tiles
481,481,11,tiled
482,482,19,soft_pvc
483,483,23,wood
484,484,1,tiled
485,485,4,soft_tiles
486,486,13,fine_concrete
487,487,20,concrete
488,488,8,tiled
489,489,35,fine_concrete
490,490,34,soft_pvc
491,491,34,soft_pvc
492,492,32,concrete
493,493,35,fine_concrete
494,494,20,concrete
495,495,20,concrete
496,496,8,tiled
497,497,22,soft_tiles
498,498,32,concrete
499,499,7,carpet
500,500,34,soft_pvc
501,501,21,soft_tiles
502,502,17,soft_tiles
503,503,19,soft_pvc
504,504,9,soft_tiles
505,505,22,soft_tiles
506,506,25,carpet
507,507,35,fine_concrete
508,508,4,soft_tiles
509,509,3,soft_pvc
510,510,12,concrete
511,511,22,soft_tiles
512,512,0,concrete
513,513,29,soft_pvc
514,514,11,tiled
515,515,23,wood
516,516,35,fine_concrete
517,517,31,concrete
518,518,6,soft_pvc
519,519,13,fine_concrete
520,520,7,carpet
521,521,35,fine_concrete
522,522,23,wood
523,523,31,concrete
524,524,31,concrete
525,525,21,soft_tiles
526,526,14,wood
527,527,27,hard_tiles
528,528,7,carpet
529,529,11,tiled
530,530,14,wood
531,531,14,wood
532,532,10,wood
533,533,16,hard_tiles_large_space
534,534,29,soft_pvc
535,535,0,concrete
536,536,14,wood
537,537,5,concrete
538,538,10,wood
539,539,6,soft_pvc
540,540,33,hard_tiles_large_space
541,541,4,soft_tiles
542,542,26,soft_pvc
543,543,15,soft_tiles
544,544,6,soft_pvc
545,545,3,soft_pvc
546,546,10,wood
547,547,33,hard_tiles_large_space
548,548,16,hard_tiles_large_space
549,549,10,wood
550,550,15,soft_tiles
551,551,2,wood
552,552,15,soft_tiles
553,553,6,soft_pvc
554,554,18,soft_pvc
555,555,16,hard_tiles_large_space
556,556,26,soft_pvc
557,557,11,tiled
558,558,33,hard_tiles_large_space
559,559,1,tiled
560,560,33,hard_tiles_large_space
561,561,28,tiled
562,562,12,concrete
563,563,35,fine_concrete
564,564,31,concrete
565,565,29,soft_pvc
566,566,27,hard_tiles
567,567,3,soft_pvc
568,568,4,soft_tiles
569,569,10,wood
570,570,12,concrete
571,571,17,soft_tiles
572,572,7,carpet
573,573,14,wood
574,574,19,soft_pvc
575,575,32,concrete
576,576,20,concrete
577,577,9,soft_tiles
578,578,12,concrete
579,579,14,wood
580,580,7,carpet
581,581,9,soft_tiles
582,582,22,soft_tiles
583,583,8,tiled
584,584,2,wood
585,585,31,concrete
586,586,12,concrete
587,587,27,hard_tiles
588,588,14,wood
589,589,13,fine_concrete
590,590,35,fine_concrete
591,591,16,hard_tiles_large_space
592,592,22,soft_tiles
593,593,18,soft_pvc
594,594,16,hard_tiles_large_space
595,595,22,soft_tiles
596,596,8,tiled
597,597,4,soft_tiles
598,598,16,hard_tiles_large_space
599,599,20,concrete
600,600,13,fine_concrete
601,601,35,fine_concrete
602,602,32,concrete
603,603,25,carpet
604,604,19,soft_pvc
605,605,11,tiled
606,606,14,wood
607,607,1,tiled
608,608,31,concrete
609,609,6,soft_pvc
610,610,26,soft_pvc
611,611,34,soft_pvc
612,612,26,soft_pvc
613,613,7,carpet
614,614,2,wood
615,615,22,soft_tiles
616,616,33,hard_tiles_large_space
617,617,32,concrete
618,618,11,tiled
619,619,31,concrete
620,620,9,soft_tiles
621,621,1,tiled
622,622,23,wood
623,623,20,concrete
624,624,24,wood
625,625,13,fine_concrete
626,626,11,tiled
627,627,9,soft_tiles
628,628,2,wood
629,629,19,soft_pvc
630,630,12,concrete
631,631,29,soft_pvc
632,632,29,soft_pvc
633,633,7,carpet
634,634,15,soft_tiles
635,635,3,soft_pvc
636,636,1,tiled
637,637,4,soft_tiles
638,638,20,concrete
639,639,18,soft_pvc
640,640,26,soft_pvc
641,641,13,fine_concrete
642,642,18,soft_pvc
643,643,12,concrete
644,644,9,soft_tiles
645,645,33,hard_tiles_large_space
646,646,34,soft_pvc
647,647,32,concrete
648,648,29,soft_pvc
649,649,3,soft_pvc
650,650,4,soft_tiles
651,651,33,hard_tiles_large_space
652,652,8,tiled
653,653,12,concrete
654,654,32,concrete
655,655,35,fine_concrete
656,656,28,tiled
657,657,34,soft_pvc
658,658,16,hard_tiles_large_space
659,659,15,soft_tiles
660,660,20,concrete
661,661,25,carpet
662,662,15,soft_tiles
663,663,9,soft_tiles
664,664,25,carpet
665,665,25,carpet
666,666,33,hard_tiles_large_space
667,667,11,tiled
668,668,34,soft_pvc
669,669,15,soft_tiles
670,670,25,carpet
671,671,10,wood
672,672,19,soft_pvc
673,673,7,carpet
674,674,10,wood
675,675,35,fine_concrete
676,676,19,soft_pvc
677,677,22,soft_tiles
678,678,26,soft_pvc
679,679,32,concrete
680,680,32,concrete
681,681,8,tiled
682,682,21,soft_tiles
683,683,3,soft_pvc
684,684,6,soft_pvc
685,685,26,soft_pvc
686,686,20,concrete
687,687,34,soft_pvc
688,688,28,tiled
689,689,11,tiled
690,690,35,fine_concrete
691,691,21,soft_tiles
692,692,11,tiled
693,693,3,soft_pvc
694,694,12,concrete
695,695,10,wood
696,696,28,tiled
697,697,35,fine_concrete
698,698,18,soft_pvc
699,699,3,soft_pvc
700,700,6,soft_pvc
701,701,29,soft_pvc
702,702,22,soft_tiles
703,703,32,concrete
704,704,25,carpet
705,705,35,fine_concrete
706,706,22,soft_tiles
707,707,32,concrete
708,708,10,wood
709,709,25,carpet
710,710,26,soft_pvc
711,711,18,soft_pvc
712,712,26,soft_pvc
713,713,25,carpet
714,714,34,soft_pvc
715,715,22,soft_tiles
716,716,35,fine_concrete
717,717,8,tiled
718,718,25,carpet
719,719,26,soft_pvc
720,720,21,soft_tiles
721,721,7,carpet
722,722,0,concrete
723,723,33,hard_tiles_large_space
724,724,14,wood
725,725,25,carpet
726,726,10,wood
727,727,14,wood
728,728,34,soft_pvc
729,729,16,hard_tiles_large_space
730,730,32,concrete
731,731,4,soft_tiles
732,732,23,wood
733,733,9,soft_tiles
734,734,31,concrete
735,735,14,wood
736,736,10,wood
737,737,35,fine_concrete
738,738,18,soft_pvc
739,739,31,concrete
740,740,4,soft_tiles
741,741,35,fine_concrete
742,742,15,soft_tiles
743,743,10,wood
744,744,12,concrete
745,745,27,hard_tiles
746,746,6,soft_pvc
747,747,11,tiled
748,748,0,concrete
749,749,9,soft_tiles
750,750,35,fine_concrete
751,751,34,soft_pvc
752,752,13,fine_concrete
753,753,33,hard_tiles_large_space
754,754,23,wood
755,755,19,soft_pvc
756,756,15,soft_tiles
757,757,9,soft_tiles
758,758,20,concrete
759,759,9,soft_tiles
760,760,4,soft_tiles
761,761,13,fine_concrete
762,762,28,tiled
763,763,4,soft_tiles
764,764,0,concrete
765,765,0,concrete
766,766,1,tiled
767,767,21,soft_tiles
768,768,19,soft_pvc
769,769,10,wood
770,770,2,wood
771,771,20,concrete
772,772,0,concrete
773,773,4,soft_tiles
774,774,10,wood
775,775,34,soft_pvc
776,776,4,soft_tiles
777,777,12,concrete
778,778,35,fine_concrete
779,779,28,tiled
780,780,14,wood
781,781,3,soft_pvc
782,782,29,soft_pvc
783,783,23,wood
784,784,19,soft_pvc
785,785,16,hard_tiles_large_space
786,786,11,tiled
787,787,16,hard_tiles_large_space
788,788,18,soft_pvc
789,789,8,tiled
790,790,35,fine_concrete
791,791,10,wood
792,792,20,concrete
793,793,21,soft_tiles
794,794,18,soft_pvc
795,795,35,fine_concrete
796,796,7,carpet
797,797,33,hard_tiles_large_space
798,798,27,hard_tiles
799,799,6,soft_pvc
800,800,29,soft_pvc
801,801,31,concrete
802,802,7,carpet
803,803,22,soft_tiles
804,804,27,hard_tiles
805,805,17,soft_tiles
806,806,11,tiled
807,807,33,hard_tiles_large_space
808,808,18,soft_pvc
809,809,29,soft_pvc
810,810,31,concrete
811,811,11,tiled
812,812,14,wood
813,813,1,tiled
814,814,13,fine_concrete
815,815,28,tiled
816,816,2,wood
817,817,32,concrete
818,818,19,soft_pvc
819,819,21,soft_tiles
820,820,1,tiled
821,821,14,wood
822,822,22,soft_tiles
823,823,13,fine_concrete
824,824,25,carpet
825,825,3,soft_pvc
826,826,27,hard_tiles
827,827,3,soft_pvc
828,828,32,concrete
829,829,23,wood
830,830,21,soft_tiles
831,831,29,soft_pvc
832,832,4,soft_tiles
833,833,28,tiled
834,834,31,concrete
835,835,10,wood
836,836,13,fine_concrete
837,837,1,tiled
838,838,15,soft_tiles
839,839,0,concrete
840,840,13,fine_concrete
841,841,18,soft_pvc
842,842,6,soft_pvc
843,843,33,hard_tiles_large_space
844,844,4,soft_tiles
845,845,33,hard_tiles_large_space
846,846,0,concrete
847,847,8,tiled
848,848,2,wood
849,849,9,soft_tiles
850,850,19,soft_pvc
851,851,0,concrete
852,852,3,soft_pvc
853,853,16,hard_tiles_large_space
854,854,20,concrete
855,855,29,soft_pvc
856,856,8,tiled
857,857,14,wood
858,858,34,soft_pvc
859,859,33,hard_tiles_large_space
860,860,26,soft_pvc
861,861,12,concrete
862,862,12,concrete
863,863,7,carpet
864,864,22,soft_tiles
865,865,32,concrete
866,866,13,fine_concrete
867,867,14,wood
868,868,25,carpet
869,869,22,soft_tiles
870,870,0,concrete
871,871,3,soft_pvc
872,872,8,tiled
873,873,19,soft_pvc
874,874,15,soft_tiles
875,875,32,concrete
876,876,18,soft_pvc
877,877,10,wood
878,878,10,wood
879,879,6,soft_pvc
880,880,16,hard_tiles_large_space
881,881,19,soft_pvc
882,882,31,concrete
883,883,34,soft_pvc
884,884,21,soft_tiles
885,885,32,concrete
886,886,33,hard_tiles_large_space
887,887,22,soft_tiles
888,888,9,soft_tiles
889,889,25,carpet
890,890,8,tiled
891,891,34,soft_pvc
892,892,22,soft_tiles
893,893,12,concrete
894,894,21,soft_tiles
895,895,1,tiled
896,896,34,soft_pvc
897,897,31,concrete
898,898,23,wood
899,899,33,hard_tiles_large_space
900,900,33,hard_tiles_large_space
901,901,8,tiled
902,902,0,concrete
903,903,23,wood
904,904,18,soft_pvc
905,905,34,soft_pvc
906,906,10,wood
907,907,1,tiled
908,908,20,concrete
909,909,26,soft_pvc
910,910,4,soft_tiles
911,911,10,wood
912,912,15,soft_tiles
913,913,22,soft_tiles
914,914,34,soft_pvc
915,915,7,carpet
916,916,6,soft_pvc
917,917,33,hard_tiles_large_space
918,918,7,carpet
919,919,28,tiled
920,920,17,soft_tiles
921,921,20,concrete
922,922,6,soft_pvc
923,923,0,concrete
924,924,31,concrete
925,925,19,soft_pvc
926,926,32,concrete
927,927,10,wood
928,928,11,tiled
929,929,23,wood
930,930,35,fine_concrete
931,931,29,soft_pvc
932,932,6,soft_pvc
933,933,0,concrete
934,934,13,fine_concrete
935,935,7,carpet
936,936,15,soft_tiles
937,937,20,concrete
938,938,32,concrete
939,939,18,soft_pvc
940,940,21,soft_tiles
941,941,34,soft_pvc
942,942,8,tiled
943,943,4,soft_tiles
944,944,11,tiled
945,945,32,concrete
946,946,13,fine_concrete
947,947,6,soft_pvc
948,948,19,soft_pvc
949,949,25,carpet
950,950,26,soft_pvc
951,951,19,soft_pvc
952,952,19,soft_pvc
953,953,6,soft_pvc
954,954,25,carpet
955,955,18,soft_pvc
956,956,10,wood
957,957,14,wood
958,958,13,fine_concrete
959,959,29,soft_pvc
960,960,18,soft_pvc
961,961,8,tiled
962,962,19,soft_pvc
963,963,29,soft_pvc
964,964,26,soft_pvc
965,965,23,wood
966,966,29,soft_pvc
967,967,31,concrete
968,968,31,concrete
969,969,7,carpet
970,970,26,soft_pvc
971,971,8,tiled
972,972,5,concrete
973,973,3,soft_pvc
974,974,14,wood
975,975,23,wood
976,976,4,soft_tiles
977,977,31,concrete
978,978,15,soft_tiles
979,979,25,carpet
980,980,3,soft_pvc
981,981,10,wood
982,982,14,wood
983,983,26,soft_pvc
984,984,8,tiled
985,985,35,fine_concrete
986,986,19,soft_pvc
987,987,32,concrete
988,988,32,concrete
989,989,9,soft_tiles
990,990,18,soft_pvc
991,991,25,carpet
992,992,26,soft_pvc
993,993,35,fine_concrete
994,994,14,wood
995,995,11,tiled
996,996,13,fine_concrete
997,997,9,soft_tiles
998,998,8,tiled
999,999,15,soft_tiles
1000,1000,28,tiled
1001,1001,16,hard_tiles_large_space
1002,1002,15,soft_tiles
1003,1003,32,concrete
1004,1004,8,tiled
1005,1005,35,fine_concrete
1006,1006,32,concrete
1007,1007,0,concrete
1008,1008,13,fine_concrete
1009,1009,21,soft_tiles
1010,1010,31,concrete
1011,1011,7,carpet
1012,1012,16,hard_tiles_large_space
1013,1013,10,wood
1014,1014,35,fine_concrete
1015,1015,9,soft_tiles
1016,1016,20,concrete
1017,1017,14,wood
1018,1018,12,concrete
1019,1019,25,carpet
1020,1020,6,soft_pvc
1021,1021,29,soft_pvc
1022,1022,9,soft_tiles
1023,1023,31,concrete
1024,1024,29,soft_pvc
1025,1025,20,concrete
1026,1026,11,tiled
1027,1027,23,wood
1028,1028,4,soft_tiles
1029,1029,18,soft_pvc
1030,1030,20,concrete
1031,1031,10,wood
1032,1032,14,wood
1033,1033,17,soft_tiles
1034,1034,8,tiled
1035,1035,6,soft_pvc
1036,1036,19,soft_pvc
1037,1037,33,hard_tiles_large_space
1038,1038,6,soft_pvc
1039,1039,29,soft_pvc
1040,1040,20,concrete
1041,1041,0,concrete
1042,1042,29,soft_pvc
1043,1043,23,wood
1044,1044,33,hard_tiles_large_space
1045,1045,13,fine_concrete
1046,1046,14,wood
1047,1047,0,concrete
1048,1048,16,hard_tiles_large_space
1049,1049,5,concrete
1050,1050,13,fine_concrete
1051,1051,15,soft_tiles
1052,1052,13,fine_concrete
1053,1053,10,wood
1054,1054,6,soft_pvc
1055,1055,7,carpet
1056,1056,33,hard_tiles_large_space
1057,1057,7,carpet
1058,1058,16,hard_tiles_large_space
1059,1059,11,tiled
1060,1060,18,soft_pvc
1061,1061,12,concrete
1062,1062,3,soft_pvc
1063,1063,21,soft_tiles
1064,1064,33,hard_tiles_large_space
1065,1065,28,tiled
1066,1066,19,soft_pvc
1067,1067,14,wood
1068,1068,7,carpet
1069,1069,18,soft_pvc
1070,1070,32,concrete
1071,1071,22,soft_tiles
1072,1072,5,concrete
1073,1073,29,soft_pvc
1074,1074,20,concrete
1075,1075,12,concrete
1076,1076,32,concrete
1077,1077,34,soft_pvc
1078,1078,3,soft_pvc
1079,1079,12,concrete
1080,1080,18,soft_pvc
1081,1081,19,soft_pvc
1082,1082,2,wood
1083,1083,12,concrete
1084,1084,9,soft_tiles
1085,1085,3,soft_pvc
1086,1086,25,carpet
1087,1087,26,soft_pvc
1088,1088,25,carpet
1089,1089,16,hard_tiles_large_space
1090,1090,0,concrete
1091,1091,7,carpet
1092,1092,14,wood
1093,1093,8,tiled
1094,1094,25,carpet
1095,1095,21,soft_tiles
1096,1096,8,tiled
1097,1097,32,concrete
1098,1098,12,concrete
1099,1099,10,wood
1100,1100,28,tiled
1101,1101,34,soft_pvc
1102,1102,34,soft_pvc
1103,1103,22,soft_tiles
1104,1104,18,soft_pvc
1105,1105,10,wood
1106,1106,15,soft_tiles
1107,1107,23,wood
1108,1108,28,tiled
1109,1109,19,soft_pvc
1110,1110,15,soft_tiles
1111,1111,18,soft_pvc
1112,1112,25,carpet
1113,1113,20,concrete
1114,1114,14,wood
1115,1115,1,tiled
1116,1116,31,concrete
1117,1117,10,wood
1118,1118,35,fine_concrete
1119,1119,25,carpet
1120,1120,4,soft_tiles
1121,1121,7,carpet
1122,1122,23,wood
1123,1123,13,fine_concrete
1124,1124,32,concrete
1125,1125,27,hard_tiles
1126,1126,22,soft_tiles
1127,1127,1,tiled
1128,1128,9,soft_tiles
1129,1129,31,concrete
1130,1130,18,soft_pvc
1131,1131,1,tiled
1132,1132,26,soft_pvc
1133,1133,28,tiled
1134,1134,31,concrete
1135,1135,19,soft_pvc
1136,1136,21,soft_tiles
1137,1137,31,concrete
1138,1138,16,hard_tiles_large_space
1139,1139,31,concrete
1140,1140,3,soft_pvc
1141,1141,12,concrete
1142,1142,3,soft_pvc
1143,1143,3,soft_pvc
1144,1144,15,soft_tiles
1145,1145,18,soft_pvc
1146,1146,4,soft_tiles
1147,1147,4,soft_tiles
1148,1148,26,soft_pvc
1149,1149,1,tiled
1150,1150,25,carpet
1151,1151,8,tiled
1152,1152,11,tiled
1153,1153,7,carpet
1154,1154,7,carpet
1155,1155,25,carpet
1156,1156,31,concrete
1157,1157,1,tiled
1158,1158,25,carpet
1159,1159,6,soft_pvc
1160,1160,23,wood
1161,1161,1,tiled
1162,1162,0,concrete
1163,1163,8,tiled
1164,1164,0,concrete
1165,1165,25,carpet
1166,1166,13,fine_concrete
1167,1167,8,tiled
1168,1168,19,soft_pvc
1169,1169,11,tiled
1170,1170,26,soft_pvc
1171,1171,0,concrete
1172,1172,4,soft_tiles
1173,1173,8,tiled
1174,1174,13,fine_concrete
1175,1175,19,soft_pvc
1176,1176,15,soft_tiles
1177,1177,14,wood
1178,1178,33,hard_tiles_large_space
1179,1179,22,soft_tiles
1180,1180,18,soft_pvc
1181,1181,1,tiled
1182,1182,9,soft_tiles
1183,1183,15,soft_tiles
1184,1184,6,soft_pvc
1185,1185,32,concrete
1186,1186,8,tiled
1187,1187,25,carpet
1188,1188,20,concrete
1189,1189,23,wood
1190,1190,28,tiled
1191,1191,14,wood
1192,1192,0,concrete
1193,1193,27,hard_tiles
1194,1194,22,soft_tiles
1195,1195,23,wood
1196,1196,3,soft_pvc
1197,1197,22,soft_tiles
1198,1198,22,soft_tiles
1199,1199,8,tiled
1200,1200,15,soft_tiles
1201,1201,6,soft_pvc
1202,1202,32,concrete
1203,1203,10,wood
1204,1204,34,soft_pvc
1205,1205,34,soft_pvc
1206,1206,8,tiled
1207,1207,15,soft_tiles
1208,1208,8,tiled
1209,1209,6,soft_pvc
1210,1210,20,concrete
1211,1211,20,concrete
1212,1212,14,wood
1213,1213,32,concrete
1214,1214,12,concrete
1215,1215,3,soft_pvc
1216,1216,12,concrete
1217,1217,22,soft_tiles
1218,1218,0,concrete
1219,1219,22,soft_tiles
1220,1220,29,soft_pvc
1221,1221,32,concrete
1222,1222,31,concrete
1223,1223,16,hard_tiles_large_space
1224,1224,21,soft_tiles
1225,1225,22,soft_tiles
1226,1226,15,soft_tiles
1227,1227,26,soft_pvc
1228,1228,23,wood
1229,1229,19,soft_pvc
1230,1230,8,tiled
1231,1231,13,fine_concrete
1232,1232,15,soft_tiles
1233,1233,25,carpet
1234,1234,11,tiled
1235,1235,34,soft_pvc
1236,1236,16,hard_tiles_large_space
1237,1237,7,carpet
1238,1238,31,concrete
1239,1239,7,carpet
1240,1240,18,soft_pvc
1241,1241,14,wood
1242,1242,15,soft_tiles
1243,1243,15,soft_tiles
1244,1244,31,concrete
1245,1245,9,soft_tiles
1246,1246,32,concrete
1247,1247,34,soft_pvc
1248,1248,26,soft_pvc
1249,1249,0,concrete
1250,1250,13,fine_concrete
1251,1251,29,soft_pvc
1252,1252,3,soft_pvc
1253,1253,14,wood
1254,1254,11,tiled
1255,1255,22,soft_tiles
1256,1256,22,soft_tiles
1257,1257,28,tiled
1258,1258,0,concrete
1259,1259,7,carpet
1260,1260,26,soft_pvc
1261,1261,23,wood
1262,1262,12,concrete
1263,1263,22,soft_tiles
1264,1264,0,concrete
1265,1265,0,concrete
1266,1266,0,concrete
1267,1267,18,soft_pvc
1268,1268,4,soft_tiles
1269,1269,18,soft_pvc
1270,1270,21,soft_tiles
1271,1271,28,tiled
1272,1272,8,tiled
1273,1273,23,wood
1274,1274,35,fine_concrete
1275,1275,11,tiled
1276,1276,18,soft_pvc
1277,1277,27,hard_tiles
1278,1278,23,wood
1279,1279,0,concrete
1280,1280,26,soft_pvc
1281,1281,21,soft_tiles
1282,1282,31,concrete
1283,1283,7,carpet
1284,1284,2,wood
1285,1285,22,soft_tiles
1286,1286,29,soft_pvc
1287,1287,34,soft_pvc
1288,1288,25,carpet
1289,1289,33,hard_tiles_large_space
1290,1290,34,soft_pvc
1291,1291,28,tiled
1292,1292,12,concrete
1293,1293,16,hard_tiles_large_space
1294,1294,6,soft_pvc
1295,1295,33,hard_tiles_large_space
1296,1296,10,wood
1297,1297,25,carpet
1298,1298,1,tiled
1299,1299,7,carpet
1300,1300,14,wood
1301,1301,2,wood
1302,1302,17,soft_tiles
1303,1303,26,soft_pvc
1304,1304,16,hard_tiles_large_space
1305,1305,23,wood
1306,1306,3,soft_pvc
1307,1307,19,soft_pvc
1308,1308,21,soft_tiles
1309,1309,34,soft_pvc
1310,1310,12,concrete
1311,1311,3,soft_pvc
1312,1312,34,soft_pvc
1313,1313,35,fine_concrete
1314,1314,4,soft_tiles
1315,1315,31,concrete
1316,1316,21,soft_tiles
1317,1317,31,concrete
1318,1318,35,fine_concrete
1319,1319,3,soft_pvc
1320,1320,12,concrete
1321,1321,31,concrete
1322,1322,19,soft_pvc
1323,1323,15,soft_tiles
1324,1324,21,soft_tiles
1325,1325,18,soft_pvc
1326,1326,11,tiled
1327,1327,4,soft_tiles
1328,1328,0,concrete
1329,1329,18,soft_pvc
1330,1330,20,concrete
1331,1331,9,soft_tiles
1332,1332,19,soft_pvc
1333,1333,14,wood
1334,1334,31,concrete
1335,1335,15,soft_tiles
1336,1336,33,hard_tiles_large_space
1337,1337,4,soft_tiles
1338,1338,35,fine_concrete
1339,1339,26,soft_pvc
1340,1340,14,wood
1341,1341,8,tiled
1342,1342,4,soft_tiles
1343,1343,33,hard_tiles_large_space
1344,1344,29,soft_pvc
1345,1345,12,concrete
1346,1346,25,carpet
1347,1347,2,wood
1348,1348,16,hard_tiles_large_space
1349,1349,11,tiled
1350,1350,6,soft_pvc
1351,1351,18,soft_pvc
1352,1352,26,soft_pvc
1353,1353,33,hard_tiles_large_space
1354,1354,7,carpet
1355,1355,34,soft_pvc
1356,1356,32,concrete
1357,1357,9,soft_tiles
1358,1358,10,wood
1359,1359,18,soft_pvc
1360,1360,8,tiled
1361,1361,10,wood
1362,1362,4,soft_tiles
1363,1363,14,wood
1364,1364,25,carpet
1365,1365,12,concrete
1366,1366,19,soft_pvc
1367,1367,7,carpet
1368,1368,33,hard_tiles_large_space
1369,1369,15,soft_tiles
1370,1370,28,tiled
1371,1371,8,tiled
1372,1372,12,concrete
1373,1373,15,soft_tiles
1374,1374,20,concrete
1375,1375,4,soft_tiles
1376,1376,21,soft_tiles
1377,1377,11,tiled
1378,1378,9,soft_tiles
1379,1379,7,carpet
1380,1380,15,soft_tiles
1381,1381,1,tiled
1382,1382,23,wood
1383,1383,23,wood
1384,1384,28,tiled
1385,1385,31,concrete
1386,1386,18,soft_pvc
1387,1387,29,soft_pvc
1388,1388,21,soft_tiles
1389,1389,29,soft_pvc
1390,1390,33,hard_tiles_large_space
1391,1391,13,fine_concrete
1392,1392,20,concrete
1393,1393,7,carpet
1394,1394,5,concrete
1395,1395,13,fine_concrete
1396,1396,4,soft_tiles
1397,1397,7,carpet
1398,1398,23,wood
1399,1399,27,hard_tiles
1400,1400,16,hard_tiles_large_space
1401,1401,22,soft_tiles
1402,1402,5,concrete
1403,1403,33,hard_tiles_large_space
1404,1404,34,soft_pvc
1405,1405,16,hard_tiles_large_space
1406,1406,21,soft_tiles
1407,1407,12,concrete
1408,1408,26,soft_pvc
1409,1409,21,soft_tiles
1410,1410,8,tiled
1411,1411,10,wood
1412,1412,17,soft_tiles
1413,1413,8,tiled
1414,1414,34,soft_pvc
1415,1415,12,concrete
1416,1416,11,tiled
1417,1417,6,soft_pvc
1418,1418,20,concrete
1419,1419,19,soft_pvc
1420,1420,0,concrete
1421,1421,7,carpet
1422,1422,31,concrete
1423,1423,6,soft_pvc
1424,1424,32,concrete
1425,1425,3,soft_pvc
1426,1426,0,concrete
1427,1427,7,carpet
1428,1428,30,fine_concrete
1429,1429,11,tiled
1430,1430,15,soft_tiles
1431,1431,7,carpet
1432,1432,8,tiled
1433,1433,33,hard_tiles_large_space
1434,1434,29,soft_pvc
1435,1435,18,soft_pvc
1436,1436,0,concrete
1437,1437,18,soft_pvc
1438,1438,34,soft_pvc
1439,1439,15,soft_tiles
1440,1440,23,wood
1441,1441,13,fine_concrete
1442,1442,33,hard_tiles_large_space
1443,1443,28,tiled
1444,1444,29,soft_pvc
1445,1445,29,soft_pvc
1446,1446,34,soft_pvc
1447,1447,16,hard_tiles_large_space
1448,1448,6,soft_pvc
1449,1449,26,soft_pvc
1450,1450,3,soft_pvc
1451,1451,19,soft_pvc
1452,1452,10,wood
1453,1453,0,concrete
1454,1454,27,hard_tiles
1455,1455,27,hard_tiles
1456,1456,10,wood
1457,1457,12,concrete
1458,1458,8,tiled
1459,1459,20,concrete
1460,1460,20,concrete
1461,1461,21,soft_tiles
1462,1462,7,carpet
1463,1463,3,soft_pvc
1464,1464,23,wood
1465,1465,35,fine_concrete
1466,1466,15,soft_tiles
1467,1467,34,soft_pvc
1468,1468,21,soft_tiles
1469,1469,23,wood
1470,1470,8,tiled
1471,1471,32,concrete
1472,1472,19,soft_pvc
1473,1473,20,concrete
1474,1474,9,soft_tiles
1475,1475,11,tiled
1476,1476,6,soft_pvc
1477,1477,19,soft_pvc
1478,1478,3,soft_pvc
1479,1479,0,concrete
1480,1480,26,soft_pvc
1481,1481,14,wood
1482,1482,14,wood
1483,1483,12,concrete
1484,1484,3,soft_pvc
1485,1485,13,fine_concrete
1486,1486,31,concrete
1487,1487,9,soft_tiles
1488,1488,6,soft_pvc
1489,1489,29,soft_pvc
1490,1490,22,soft_tiles
1491,1491,4,soft_tiles
1492,1492,29,soft_pvc
1493,1493,34,soft_pvc
1494,1494,6,soft_pvc
1495,1495,6,soft_pvc
1496,1496,13,fine_concrete
1497,1497,9,soft_tiles
1498,1498,22,soft_tiles
1499,1499,23,wood
1500,1500,21,soft_tiles
1501,1501,14,wood
1502,1502,14,wood
1503,1503,9,soft_tiles
1504,1504,3,soft_pvc
1505,1505,7,carpet
1506,1506,35,fine_concrete
1507,1507,35,fine_concrete
1508,1508,14,wood
1509,1509,7,carpet
1510,1510,32,concrete
1511,1511,11,tiled
1512,1512,18,soft_pvc
1513,1513,29,soft_pvc
1514,1514,11,tiled
1515,1515,26,soft_pvc
1516,1516,6,soft_pvc
1517,1517,4,soft_tiles
1518,1518,0,concrete
1519,1519,12,concrete
1520,1520,28,tiled
1521,1521,21,soft_tiles
1522,1522,13,fine_concrete
1523,1523,35,fine_concrete
1524,1524,0,concrete
1525,1525,11,tiled
1526,1526,28,tiled
1527,1527,8,tiled
1528,1528,33,hard_tiles_large_space
1529,1529,9,soft_tiles
1530,1530,4,soft_tiles
1531,1531,11,tiled
1532,1532,22,soft_tiles
1533,1533,13,fine_concrete
1534,1534,8,tiled
1535,1535,32,concrete
1536,1536,21,soft_tiles
1537,1537,13,fine_concrete
1538,1538,15,soft_tiles
1539,1539,10,wood
1540,1540,32,concrete
1541,1541,3,soft_pvc
1542,1542,20,concrete
1543,1543,3,soft_pvc
1544,1544,19,soft_pvc
1545,1545,3,soft_pvc
1546,1546,18,soft_pvc
1547,1547,22,soft_tiles
1548,1548,14,wood
1549,1549,4,soft_tiles
1550,1550,13,fine_concrete
1551,1551,9,soft_tiles
1552,1552,34,soft_pvc
1553,1553,22,soft_tiles
1554,1554,18,soft_pvc
1555,1555,33,hard_tiles_large_space
1556,1556,8,tiled
1557,1557,26,soft_pvc
1558,1558,29,soft_pvc
1559,1559,26,soft_pvc
1560,1560,35,fine_concrete
1561,1561,19,soft_pvc
1562,1562,29,soft_pvc
1563,1563,3,soft_pvc
1564,1564,1,tiled
1565,1565,15,soft_tiles
1566,1566,13,fine_concrete
1567,1567,28,tiled
1568,1568,21,soft_tiles
1569,1569,3,soft_pvc
1570,1570,19,soft_pvc
1571,1571,0,concrete
1572,1572,32,concrete
1573,1573,23,wood
1574,1574,25,carpet
1575,1575,31,concrete
1576,1576,14,wood
1577,1577,29,soft_pvc
1578,1578,31,concrete
1579,1579,16,hard_tiles_large_space
1580,1580,13,fine_concrete
1581,1581,8,tiled
1582,1582,9,soft_tiles
1583,1583,25,carpet
1584,1584,20,concrete
1585,1585,21,soft_tiles
1586,1586,16,hard_tiles_large_space
1587,1587,18,soft_pvc
1588,1588,21,soft_tiles
1589,1589,22,soft_tiles
1590,1590,0,concrete
1591,1591,7,carpet
1592,1592,15,soft_tiles
1593,1593,29,soft_pvc
1594,1594,7,carpet
1595,1595,10,wood
1596,1596,20,concrete
1597,1597,1,tiled
1598,1598,18,soft_pvc
1599,1599,35,fine_concrete
1600,1600,33,hard_tiles_large_space
1601,1601,4,soft_tiles
1602,1602,26,soft_pvc
1603,1603,31,concrete
1604,1604,11,tiled
1605,1605,18,soft_pvc
1606,1606,23,wood
1607,1607,20,concrete
1608,1608,13,fine_concrete
1609,1609,16,hard_tiles_large_space
1610,1610,27,hard_tiles
1611,1611,21,soft_tiles
1612,1612,28,tiled
1613,1613,19,soft_pvc
1614,1614,33,hard_tiles_large_space
1615,1615,10,wood
1616,1616,8,tiled
1617,1617,18,soft_pvc
1618,1618,32,concrete
1619,1619,22,soft_tiles
1620,1620,31,concrete
1621,1621,24,wood
1622,1622,4,soft_tiles
1623,1623,25,carpet
1624,1624,9,soft_tiles
1625,1625,13,fine_concrete
1626,1626,34,soft_pvc
1627,1627,4,soft_tiles
1628,1628,25,carpet
1629,1629,25,carpet
1630,1630,32,concrete
1631,1631,11,tiled
1632,1632,11,tiled
1633,1633,0,concrete
1634,1634,23,wood
1635,1635,2,wood
1636,1636,14,wood
1637,1637,3,soft_pvc
1638,1638,31,concrete
1639,1639,29,soft_pvc
1640,1640,17,soft_tiles
1641,1641,26,soft_pvc
1642,1642,33,hard_tiles_large_space
1643,1643,9,soft_tiles
1644,1644,24,wood
1645,1645,0,concrete
1646,1646,11,tiled
1647,1647,29,soft_pvc
1648,1648,11,tiled
1649,1649,33,hard_tiles_large_space
1650,1650,14,wood
1651,1651,21,soft_tiles
1652,1652,11,tiled
1653,1653,15,soft_tiles
1654,1654,7,carpet
1655,1655,23,wood
1656,1656,35,fine_concrete
1657,1657,33,hard_tiles_large_space
1658,1658,6,soft_pvc
1659,1659,0,concrete
1660,1660,14,wood
1661,1661,20,concrete
1662,1662,35,fine_concrete
1663,1663,32,concrete
1664,1664,12,concrete
1665,1665,3,soft_pvc
1666,1666,18,soft_pvc
1667,1667,32,concrete
1668,1668,31,concrete
1669,1669,7,carpet
1670,1670,13,fine_concrete
1671,1671,27,hard_tiles
1672,1672,8,tiled
1673,1673,34,soft_pvc
1674,1674,23,wood
1675,1675,4,soft_tiles
1676,1676,4,soft_tiles
1677,1677,4,soft_tiles
1678,1678,14,wood
1679,1679,24,wood
1680,1680,9,soft_tiles
1681,1681,15,soft_tiles
1682,1682,4,soft_tiles
1683,1683,22,soft_tiles
1684,1684,23,wood
1685,1685,12,concrete
1686,1686,12,concrete
1687,1687,19,soft_pvc
1688,1688,26,soft_pvc
1689,1689,23,wood
1690,1690,35,fine_concrete
1691,1691,12,concrete
1692,1692,14,wood
1693,1693,10,wood
1694,1694,35,fine_concrete
1695,1695,21,soft_tiles
1696,1696,22,soft_tiles
1697,1697,12,concrete
1698,1698,3,soft_pvc
1699,1699,16,hard_tiles_large_space
1700,1700,22,soft_tiles
1701,1701,25,carpet
1702,1702,8,tiled
1703,1703,69,soft_pvc
1704,1704,70,soft_pvc
1705,1705,71,tiled
1706,1706,70,soft_pvc
1707,1707,60,carpet
1708,1708,62,concrete
1709,1709,60,carpet
1710,1710,59,hard_tiles_large_space
1711,1711,45,wood
1712,1712,69,soft_pvc
1713,1713,56,soft_pvc
1714,1714,41,concrete
1715,1715,53,soft_pvc
1716,1716,56,soft_pvc
1717,1717,40,hard_tiles_large_space
1718,1718,68,fine_concrete
1719,1719,49,wood
1720,1720,46,wood
1721,1721,42,concrete
1722,1722,38,wood
1723,1723,61,concrete
1724,1724,71,tiled
1725,1725,61,concrete
1726,1726,43,wood
1727,1727,68,fine_concrete
1728,1728,51,soft_pvc
1729,1729,44,hard_tiles_large_space
1730,1730,55,tiled
1731,1731,65,wood
1732,1732,37,soft_pvc
1733,1733,40,hard_tiles_large_space
1734,1734,71,tiled
1735,1735,38,wood
1736,1736,57,concrete
1737,1737,46,wood
1738,1738,60,carpet
1739,1739,41,concrete
1740,1740,45,wood
1741,1741,54,tiled
1742,1742,42,concrete
1743,1743,44,hard_tiles_large_space
1744,1744,61,concrete
1745,1745,68,fine_concrete
1746,1746,69,soft_pvc
1747,1747,65,wood
1748,1748,43,wood
1749,1749,53,soft_pvc
1750,1750,72,fine_concrete
1751,1751,59,hard_tiles_large_space
1752,1752,64,tiled
1753,1753,44,hard_tiles_large_space
1754,1754,60,carpet
1755,1755,44,hard_tiles_large_space
1756,1756,66,tiled
1757,1757,36,fine_concrete
1758,1758,45,wood
1759,1759,45,wood
1760,1760,72,fine_concrete
1761,1761,62,concrete
1762,1762,40,hard_tiles_large_space
1763,1763,72,fine_concrete
1764,1764,38,wood
1765,1765,57,concrete
1766,1766,69,soft_pvc
1767,1767,46,wood
1768,1768,72,fine_concrete
1769,1769,60,carpet
1770,1770,53,soft_pvc
1771,1771,37,soft_pvc
1772,1772,48,fine_concrete
1773,1773,57,concrete
1774,1774,38,wood
1775,1775,62,concrete
1776,1776,38,wood
1777,1777,51,soft_pvc
1778,1778,49,wood
1779,1779,40,hard_tiles_large_space
1780,1780,41,concrete
1781,1781,62,concrete
1782,1782,54,tiled
1783,1783,68,fine_concrete
1784,1784,59,hard_tiles_large_space
1785,1785,65,wood
1786,1786,70,soft_pvc
1787,1787,43,wood
1788,1788,36,fine_concrete
1789,1789,48,fine_concrete
1790,1790,47,concrete
1791,1791,51,soft_pvc
1792,1792,53,soft_pvc
1793,1793,71,tiled
1794,1794,41,concrete
1795,1795,52,carpet
1796,1796,54,tiled
1797,1797,60,carpet
1798,1798,60,carpet
1799,1799,64,tiled
1800,1800,45,wood
1801,1801,57,concrete
1802,1802,54,tiled
1803,1803,38,wood
1804,1804,36,fine_concrete
1805,1805,70,soft_pvc
1806,1806,45,wood
1807,1807,43,wood
1808,1808,71,tiled
1809,1809,55,tiled
1810,1810,66,tiled
1811,1811,43,wood
1812,1812,37,soft_pvc
1813,1813,66,tiled
1814,1814,61,concrete
1815,1815,57,concrete
1816,1816,41,concrete
1817,1817,72,fine_concrete
1818,1818,54,tiled
1819,1819,48,fine_concrete
1820,1820,60,carpet
1821,1821,53,soft_pvc
1822,1822,62,concrete
1823,1823,42,concrete
1824,1824,49,wood
1825,1825,40,hard_tiles_large_space
1826,1826,68,fine_concrete
1827,1827,51,soft_pvc
1828,1828,51,soft_pvc
1829,1829,44,hard_tiles_large_space
1830,1830,53,soft_pvc
1831,1831,62,concrete
1832,1832,53,soft_pvc
1833,1833,54,tiled
1834,1834,60,carpet
1835,1835,43,wood
1836,1836,69,soft_pvc
1837,1837,42,concrete
1838,1838,53,soft_pvc
1839,1839,55,tiled
1840,1840,49,wood
1841,1841,45,wood
1842,1842,54,tiled
1843,1843,69,soft_pvc
1844,1844,55,tiled
1845,1845,61,concrete
1846,1846,40,hard_tiles_large_space
1847,1847,37,soft_pvc
1848,1848,39,concrete
1849,1849,40,hard_tiles_large_space
1850,1850,69,soft_pvc
1851,1851,42,concrete
1852,1852,45,wood
1853,1853,48,fine_concrete
1854,1854,65,wood
1855,1855,66,tiled
1856,1856,39,concrete
1857,1857,64,tiled
1858,1858,59,hard_tiles_large_space
1859,1859,48,fine_concrete
1860,1860,47,concrete
1861,1861,40,hard_tiles_large_space
1862,1862,41,concrete
1863,1863,41,concrete
1864,1864,46,wood
1865,1865,52,carpet
1866,1866,44,hard_tiles_large_space
1867,1867,60,carpet
1868,1868,41,concrete
1869,1869,44,hard_tiles_large_space
1870,1870,51,soft_pvc
1871,1871,47,concrete
1872,1872,70,soft_pvc
1873,1873,66,tiled
1874,1874,39,concrete
1875,1875,64,tiled
1876,1876,52,carpet
1877,1877,54,tiled
1878,1878,40,hard_tiles_large_space
1879,1879,59,hard_tiles_large_space
1880,1880,62,concrete
1881,1881,58,soft_pvc
1882,1882,53,soft_pvc
1883,1883,44,hard_tiles_large_space
1884,1884,51,soft_pvc
1885,1885,38,wood
1886,1886,61,concrete
1887,1887,61,concrete
1888,1888,66,tiled
1889,1889,61,concrete
1890,1890,45,wood
1891,1891,72,fine_concrete
1892,1892,48,fine_concrete
1893,1893,69,soft_pvc
1894,1894,70,soft_pvc
1895,1895,41,concrete
1896,1896,60,carpet
1897,1897,39,concrete
1898,1898,40,hard_tiles_large_space
1899,1899,38,wood
1900,1900,60,carpet
1901,1901,66,tiled
1902,1902,46,wood
1903,1903,54,tiled
1904,1904,72,fine_concrete
1905,1905,68,fine_concrete
1906,1906,68,fine_concrete
1907,1907,36,fine_concrete
1908,1908,59,hard_tiles_large_space
1909,1909,43,wood
1910,1910,70,soft_pvc
1911,1911,43,wood
1912,1912,54,tiled
1913,1913,52,carpet
1914,1914,62,concrete
1915,1915,60,carpet
1916,1916,54,tiled
1917,1917,44,hard_tiles_large_space
1918,1918,60,carpet
1919,1919,57,concrete
1920,1920,60,carpet
1921,1921,69,soft_pvc
1922,1922,65,wood
1923,1923,36,fine_concrete
1924,1924,44,hard_tiles_large_space
1925,1925,68,fine_concrete
1926,1926,55,tiled
1927,1927,48,fine_concrete
1928,1928,57,concrete
1929,1929,46,wood
1930,1930,60,carpet
1931,1931,72,fine_concrete
1932,1932,56,soft_pvc
1933,1933,66,tiled
1934,1934,50,concrete
1935,1935,56,soft_pvc
1936,1936,60,carpet
1937,1937,68,fine_concrete
1938,1938,62,concrete
1939,1939,59,hard_tiles_large_space
1940,1940,47,concrete
1941,1941,55,tiled
1942,1942,46,wood
1943,1943,43,wood
1944,1944,60,carpet
1945,1945,72,fine_concrete
1946,1946,69,soft_pvc
1947,1947,55,tiled
1948,1948,46,wood
1949,1949,51,soft_pvc
1950,1950,72,fine_concrete
1951,1951,49,wood
1952,1952,71,tiled
1953,1953,57,concrete
1954,1954,49,wood
1955,1955,47,concrete
1956,1956,51,soft_pvc
1957,1957,63,concrete
1958,1958,44,hard_tiles_large_space
1959,1959,72,fine_concrete
1960,1960,42,concrete
1961,1961,55,tiled
1962,1962,59,hard_tiles_large_space
1963,1963,39,concrete
1964,1964,43,wood
1965,1965,48,fine_concrete
1966,1966,63,concrete
1967,1967,47,concrete
1968,1968,37,soft_pvc
1969,1969,41,concrete
1970,1970,50,concrete
1971,1971,44,hard_tiles_large_space
1972,1972,45,wood
1973,1973,68,fine_concrete
1974,1974,69,soft_pvc
1975,1975,62,concrete
1976,1976,72,fine_concrete
1977,1977,54,tiled
1978,1978,68,fine_concrete
1979,1979,70,soft_pvc
1980,1980,37,soft_pvc
1981,1981,57,concrete
1982,1982,65,wood
1983,1983,48,fine_concrete
1984,1984,65,wood
1985,1985,42,concrete
1986,1986,47,concrete
1987,1987,38,wood
1988,1988,71,tiled
1989,1989,36,fine_concrete
1990,1990,49,wood
1991,1991,42,concrete
1992,1992,64,tiled
1993,1993,45,wood
1994,1994,70,soft_pvc
1995,1995,48,fine_concrete
1996,1996,59,hard_tiles_large_space
1997,1997,46,wood
1998,1998,40,hard_tiles_large_space
1999,1999,55,tiled
2000,2000,66,tiled
2001,2001,47,concrete
2002,2002,60,carpet
2003,2003,49,wood
2004,2004,59,hard_tiles_large_space
2005,2005,44,hard_tiles_large_space
2006,2006,61,concrete
2007,2007,68,fine_concrete
2008,2008,46,wood
2009,2009,60,carpet
2010,2010,57,concrete
2011,2011,38,wood
2012,2012,71,tiled
2013,2013,72,fine_concrete
2014,2014,51,soft_pvc
2015,2015,59,hard_tiles_large_space
2016,2016,40,hard_tiles_large_space
2017,2017,40,hard_tiles_large_space
2018,2018,51,soft_pvc
2019,2019,68,fine_concrete
2020,2020,72,fine_concrete
2021,2021,43,wood
2022,2022,48,fine_concrete
2023,2023,61,concrete
2024,2024,65,wood
2025,2025,61,concrete
2026,2026,71,tiled
2027,2027,39,concrete
2028,2028,69,soft_pvc
2029,2029,39,concrete
2030,2030,60,carpet
2031,2031,43,wood
2032,2032,72,fine_concrete
2033,2033,69,soft_pvc
2034,2034,54,tiled
2035,2035,59,hard_tiles_large_space
2036,2036,61,concrete
2037,2037,54,tiled
2038,2038,68,fine_concrete
2039,2039,39,concrete
2040,2040,38,wood
2041,2041,70,soft_pvc
2042,2042,44,hard_tiles_large_space
2043,2043,48,fine_concrete
2044,2044,48,fine_concrete
2045,2045,46,wood
2046,2046,71,tiled
2047,2047,37,soft_pvc
2048,2048,71,tiled
2049,2049,71,tiled
2050,2050,42,concrete
2051,2051,38,wood
2052,2052,53,soft_pvc
2053,2053,47,concrete
2054,2054,36,fine_concrete
2055,2055,49,wood
2056,2056,38,wood
2057,2057,71,tiled
2058,2058,43,wood
2059,2059,62,concrete
2060,2060,68,fine_concrete
2061,2061,53,soft_pvc
2062,2062,45,wood
2063,2063,63,concrete
2064,2064,60,carpet
2065,2065,49,wood
2066,2066,70,soft_pvc
2067,2067,46,wood
2068,2068,70,soft_pvc
2069,2069,71,tiled
2070,2070,43,wood
2071,2071,66,tiled
2072,2072,41,concrete
2073,2073,45,wood
2074,2074,50,concrete
2075,2075,48,fine_concrete
2076,2076,41,concrete
2077,2077,43,wood
2078,2078,69,soft_pvc
2079,2079,46,wood
2080,2080,57,concrete
2081,2081,71,tiled
2082,2082,36,fine_concrete
2083,2083,38,wood
2084,2084,72,fine_concrete
2085,2085,59,hard_tiles_large_space
2086,2086,45,wood
2087,2087,48,fine_concrete
2088,2088,36,fine_concrete
2089,2089,66,tiled
2090,2090,55,tiled
2091,2091,55,tiled
2092,2092,54,tiled
2093,2093,56,soft_pvc
2094,2094,71,tiled
2095,2095,72,fine_concrete
2096,2096,65,wood
2097,2097,72,fine_concrete
2098,2098,68,fine_concrete
2099,2099,45,wood
2100,2100,44,hard_tiles_large_space
2101,2101,53,soft_pvc
2102,2102,54,tiled
2103,2103,69,soft_pvc
2104,2104,65,wood
2105,2105,41,concrete
2106,2106,49,wood
2107,2107,70,soft_pvc
2108,2108,44,hard_tiles_large_space
2109,2109,47,concrete
2110,2110,70,soft_pvc
2111,2111,43,wood
2112,2112,41,concrete
2113,2113,72,fine_concrete
2114,2114,71,tiled
2115,2115,40,hard_tiles_large_space
2116,2116,64,tiled
2117,2117,70,soft_pvc
2118,2118,57,concrete
2119,2119,64,tiled
2120,2120,37,soft_pvc
2121,2121,43,wood
2122,2122,71,tiled
2123,2123,62,concrete
2124,2124,70,soft_pvc
2125,2125,65,wood
2126,2126,48,fine_concrete
2127,2127,41,concrete
2128,2128,70,soft_pvc
2129,2129,68,fine_concrete
2130,2130,66,tiled
2131,2131,65,wood
2132,2132,65,wood
2133,2133,38,wood
2134,2134,46,wood
2135,2135,47,concrete
2136,2136,55,tiled
2137,2137,47,concrete
2138,2138,42,concrete
2139,2139,72,fine_concrete
2140,2140,48,fine_concrete
2141,2141,49,wood
2142,2142,40,hard_tiles_large_space
2143,2143,46,wood
2144,2144,69,soft_pvc
2145,2145,72,fine_concrete
2146,2146,62,concrete
2147,2147,48,fine_concrete
2148,2148,65,wood
2149,2149,49,wood
2150,2150,68,fine_concrete
2151,2151,56,soft_pvc
2152,2152,65,wood
2153,2153,38,wood
2154,2154,49,wood
2155,2155,57,concrete
2156,2156,52,carpet
2157,2157,38,wood
2158,2158,43,wood
2159,2159,55,tiled
2160,2160,66,tiled
2161,2161,45,wood
2162,2162,43,wood
2163,2163,70,soft_pvc
2164,2164,55,tiled
2165,2165,72,fine_concrete
2166,2166,66,tiled
2167,2167,51,soft_pvc
2168,2168,71,tiled
2169,2169,72,fine_concrete
2170,2170,43,wood
2171,2171,62,concrete
2172,2172,61,concrete
2173,2173,65,wood
2174,2174,62,concrete
2175,2175,68,fine_concrete
2176,2176,53,soft_pvc
2177,2177,59,hard_tiles_large_space
2178,2178,64,tiled
2179,2179,55,tiled
2180,2180,65,wood
2181,2181,57,concrete
2182,2182,46,wood
2183,2183,45,wood
2184,2184,70,soft_pvc
2185,2185,40,hard_tiles_large_space
2186,2186,45,wood
2187,2187,45,wood
2188,2188,72,fine_concrete
2189,2189,42,concrete
2190,2190,38,wood
2191,2191,44,hard_tiles_large_space
2192,2192,56,soft_pvc
2193,2193,45,wood
2194,2194,64,tiled
2195,2195,47,concrete
2196,2196,38,wood
2197,2197,43,wood
2198,2198,57,concrete
2199,2199,45,wood
2200,2200,37,soft_pvc
2201,2201,43,wood
2202,2202,40,hard_tiles_large_space
2203,2203,71,tiled
2204,2204,47,concrete
2205,2205,38,wood
2206,2206,65,wood
2207,2207,51,soft_pvc
2208,2208,47,concrete
2209,2209,45,wood
2210,2210,68,fine_concrete
2211,2211,72,fine_concrete
2212,2212,53,soft_pvc
2213,2213,47,concrete
2214,2214,48,fine_concrete
2215,2215,44,hard_tiles_large_space
2216,2216,41,concrete
2217,2217,37,soft_pvc
2218,2218,40,hard_tiles_large_space
2219,2219,39,concrete
2220,2220,48,fine_concrete
2221,2221,42,concrete
2222,2222,57,concrete
2223,2223,44,hard_tiles_large_space
2224,2224,72,fine_concrete
2225,2225,44,hard_tiles_large_space
2226,2226,57,concrete
2227,2227,47,concrete
2228,2228,59,hard_tiles_large_space
2229,2229,64,tiled
2230,2230,45,wood
2231,2231,71,tiled
2232,2232,51,soft_pvc
2233,2233,53,soft_pvc
2234,2234,64,tiled
2235,2235,53,soft_pvc
2236,2236,61,concrete
2237,2237,71,tiled
2238,2238,53,soft_pvc
2239,2239,62,concrete
2240,2240,60,carpet
2241,2241,55,tiled
2242,2242,39,concrete
2243,2243,42,concrete
2244,2244,62,concrete
2245,2245,43,wood
2246,2246,45,wood
2247,2247,46,wood
2248,2248,44,hard_tiles_large_space
2249,2249,45,wood
2250,2250,46,wood
2251,2251,57,concrete
2252,2252,47,concrete
2253,2253,59,hard_tiles_large_space
2254,2254,36,fine_concrete
2255,2255,42,concrete
2256,2256,55,tiled
2257,2257,72,fine_concrete
2258,2258,72,fine_concrete
2259,2259,46,wood
2260,2260,68,fine_concrete
2261,2261,42,concrete
2262,2262,46,wood
2263,2263,53,soft_pvc
2264,2264,42,concrete
2265,2265,38,wood
2266,2266,72,fine_concrete
2267,2267,46,wood
2268,2268,45,wood
2269,2269,36,fine_concrete
2270,2270,47,concrete
2271,2271,53,soft_pvc
2272,2272,64,tiled
2273,2273,61,concrete
2274,2274,72,fine_concrete
2275,2275,65,wood
2276,2276,61,concrete
2277,2277,38,wood
2278,2278,43,wood
2279,2279,44,hard_tiles_large_space
2280,2280,71,tiled
2281,2281,55,tiled
2282,2282,48,fine_concrete
2283,2283,45,wood
2284,2284,42,concrete
2285,2285,62,concrete
2286,2286,36,fine_concrete
2287,2287,64,tiled
2288,2288,71,tiled
2289,2289,64,tiled
2290,2290,39,concrete
2291,2291,69,soft_pvc
2292,2292,61,concrete
2293,2293,55,tiled
2294,2294,59,hard_tiles_large_space
2295,2295,61,concrete
2296,2296,62,concrete
2297,2297,57,concrete
2298,2298,53,soft_pvc
2299,2299,45,wood
2300,2300,38,wood
2301,2301,59,hard_tiles_large_space
2302,2302,40,hard_tiles_large_space
2303,2303,48,fine_concrete
2304,2304,39,concrete
2305,2305,66,tiled
2306,2306,45,wood
2307,2307,39,concrete
2308,2308,39,concrete
2309,2309,46,wood
2310,2310,56,soft_pvc
2311,2311,69,soft_pvc
2312,2312,45,wood
2313,2313,72,fine_concrete
2314,2314,70,soft_pvc
2315,2315,68,fine_concrete
2316,2316,44,hard_tiles_large_space
2317,2317,41,concrete
2318,2318,64,tiled
2319,2319,43,wood
2320,2320,41,concrete
2321,2321,42,concrete
2322,2322,53,soft_pvc
2323,2323,60,carpet
2324,2324,55,tiled
2325,2325,51,soft_pvc
2326,2326,62,concrete
2327,2327,43,wood
2328,2328,41,concrete
2329,2329,46,wood
2330,2330,64,tiled
2331,2331,47,concrete
2332,2332,49,wood
2333,2333,41,concrete
2334,2334,61,concrete
2335,2335,42,concrete
2336,2336,49,wood
2337,2337,72,fine_concrete
2338,2338,61,concrete
2339,2339,72,fine_concrete
2340,2340,44,hard_tiles_large_space
2341,2341,69,soft_pvc
2342,2342,46,wood
2343,2343,69,soft_pvc
2344,2344,51,soft_pvc
2345,2345,71,tiled
2346,2346,49,wood
2347,2347,54,tiled
2348,2348,51,soft_pvc
2349,2349,71,tiled
2350,2350,39,concrete
2351,2351,50,concrete
2352,2352,59,hard_tiles_large_space
2353,2353,43,wood
2354,2354,36,fine_concrete
2355,2355,42,concrete
2356,2356,62,concrete
2357,2357,62,concrete
2358,2358,65,wood
2359,2359,39,concrete
2360,2360,47,concrete
2361,2361,65,wood
2362,2362,41,concrete
2363,2363,72,fine_concrete
2364,2364,65,wood
2365,2365,38,wood
2366,2366,54,tiled
2367,2367,47,concrete
2368,2368,49,wood
2369,2369,39,concrete
2370,2370,65,wood
2371,2371,40,hard_tiles_large_space
2372,2372,53,soft_pvc
2373,2373,66,tiled
2374,2374,49,wood
2375,2375,40,hard_tiles_large_space
2376,2376,39,concrete
2377,2377,43,wood
2378,2378,48,fine_concrete
2379,2379,42,concrete
2380,2380,38,wood
2381,2381,65,wood
2382,2382,40,hard_tiles_large_space
2383,2383,37,soft_pvc
2384,2384,64,tiled
2385,2385,49,wood
2386,2386,56,soft_pvc
2387,2387,53,soft_pvc
2388,2388,38,wood
2389,2389,61,concrete
2390,2390,43,wood
2391,2391,54,tiled
2392,2392,51,soft_pvc
2393,2393,47,concrete
2394,2394,48,fine_concrete
2395,2395,71,tiled
2396,2396,69,soft_pvc
2397,2397,59,hard_tiles_large_space
2398,2398,44,hard_tiles_large_space
2399,2399,61,concrete
2400,2400,72,fine_concrete
2401,2401,38,wood
2402,2402,54,tiled
2403,2403,42,concrete
2404,2404,65,wood
2405,2405,36,fine_concrete
2406,2406,43,wood
2407,2407,39,concrete
2408,2408,54,tiled
2409,2409,41,concrete
2410,2410,47,concrete
2411,2411,55,tiled
2412,2412,70,soft_pvc
2413,2413,51,soft_pvc
2414,2414,53,soft_pvc
2415,2415,61,concrete
2416,2416,48,fine_concrete
2417,2417,51,soft_pvc
2418,2418,42,concrete
2419,2419,65,wood
2420,2420,42,concrete
2421,2421,59,hard_tiles_large_space
2422,2422,68,fine_concrete
2423,2423,55,tiled
2424,2424,44,hard_tiles_large_space
2425,2425,61,concrete
2426,2426,46,wood
2427,2427,61,concrete
2428,2428,65,wood
2429,2429,54,tiled
2430,2430,46,wood
2431,2431,42,concrete
2432,2432,37,soft_pvc
2433,2433,41,concrete
2434,2434,66,tiled
2435,2435,64,tiled
2436,2436,66,tiled
2437,2437,47,concrete
2438,2438,57,concrete
2439,2439,70,soft_pvc
2440,2440,60,carpet
2441,2441,44,hard_tiles_large_space
2442,2442,72,fine_concrete
2443,2443,70,soft_pvc
2444,2444,69,soft_pvc
2445,2445,71,tiled
2446,2446,37,soft_pvc
2447,2447,65,wood
2448,2448,37,soft_pvc
2449,2449,68,fine_concrete
2450,2450,68,fine_concrete
2451,2451,52,carpet
2452,2452,38,wood
2453,2453,64,tiled
2454,2454,72,fine_concrete
2455,2455,38,wood
2456,2456,54,tiled
2457,2457,68,fine_concrete
2458,2458,60,carpet
2459,2459,69,soft_pvc
2460,2460,62,concrete
2461,2461,59,hard_tiles_large_space
2462,2462,69,soft_pvc
2463,2463,57,concrete
2464,2464,59,hard_tiles_large_space
2465,2465,57,concrete
2466,2466,60,carpet
2467,2467,60,carpet
2468,2468,71,tiled
2469,2469,39,concrete
2470,2470,46,wood
2471,2471,44,hard_tiles_large_space
2472,2472,72,fine_concrete
2473,2473,66,tiled
2474,2474,42,concrete
2475,2475,47,concrete
2476,2476,71,tiled
2477,2477,49,wood
2478,2478,60,carpet
2479,2479,59,hard_tiles_large_space
2480,2480,53,soft_pvc
2481,2481,53,soft_pvc
2482,2482,70,soft_pvc
2483,2483,54,tiled
2484,2484,39,concrete
2485,2485,61,concrete
2486,2486,57,concrete
2487,2487,37,soft_pvc
2488,2488,40,hard_tiles_large_space
2489,2489,38,wood
2490,2490,38,wood
2491,2491,56,soft_pvc
2492,2492,40,hard_tiles_large_space
2493,2493,60,carpet
2494,2494,54,tiled
2495,2495,54,tiled
2496,2496,62,concrete
2497,2497,61,concrete
2498,2498,53,soft_pvc
2499,2499,61,concrete
2500,2500,65,wood
2501,2501,66,tiled
2502,2502,70,soft_pvc
2503,2503,38,wood
2504,2504,43,wood
2505,2505,47,concrete
2506,2506,53,soft_pvc
2507,2507,54,tiled
2508,2508,37,soft_pvc
2509,2509,61,concrete
2510,2510,42,concrete
2511,2511,39,concrete
2512,2512,72,fine_concrete
2513,2513,60,carpet
2514,2514,39,concrete
2515,2515,69,soft_pvc
2516,2516,53,soft_pvc
2517,2517,39,concrete
2518,2518,72,fine_concrete
2519,2519,65,wood
2520,2520,54,tiled
2521,2521,44,hard_tiles_large_space
2522,2522,65,wood
2523,2523,64,tiled
2524,2524,55,tiled
2525,2525,71,tiled
2526,2526,69,soft_pvc
2527,2527,43,wood
2528,2528,68,fine_concrete
2529,2529,66,tiled
2530,2530,65,wood
2531,2531,68,fine_concrete
2532,2532,70,soft_pvc
2533,2533,54,tiled
2534,2534,66,tiled
2535,2535,40,hard_tiles_large_space
2536,2536,57,concrete
2537,2537,55,tiled
2538,2538,40,hard_tiles_large_space
2539,2539,45,wood
2540,2540,39,concrete
2541,2541,68,fine_concrete
2542,2542,42,concrete
2543,2543,65,wood
2544,2544,43,wood
2545,2545,66,tiled
2546,2546,60,carpet
2547,2547,44,hard_tiles_large_space
2548,2548,71,tiled
2549,2549,40,hard_tiles_large_space
2550,2550,41,concrete
2551,2551,51,soft_pvc
2552,2552,57,concrete
2553,2553,57,concrete
2554,2554,69,soft_pvc
2555,2555,64,tiled
2556,2556,71,tiled
2557,2557,47,concrete
2558,2558,39,concrete
2559,2559,48,fine_concrete
2560,2560,66,tiled
2561,2561,37,soft_pvc
2562,2562,66,tiled
2563,2563,61,concrete
2564,2564,36,fine_concrete
2565,2565,69,soft_pvc
2566,2566,51,soft_pvc
2567,2567,68,fine_concrete
2568,2568,46,wood
2569,2569,40,hard_tiles_large_space
2570,2570,72,fine_concrete
2571,2571,60,carpet
2572,2572,46,wood
2573,2573,66,tiled
2574,2574,41,concrete
2575,2575,72,fine_concrete
2576,2576,59,hard_tiles_large_space
2577,2577,45,wood
2578,2578,49,wood
2579,2579,57,concrete
2580,2580,71,tiled
2581,2581,64,tiled
2582,2582,59,hard_tiles_large_space
2583,2583,62,concrete
2584,2584,39,concrete
2585,2585,54,tiled
2586,2586,48,fine_concrete
2587,2587,54,tiled
2588,2588,57,concrete
2589,2589,46,wood
2590,2590,47,concrete
2591,2591,41,concrete
2592,2592,62,concrete
2593,2593,60,carpet
2594,2594,59,hard_tiles_large_space
2595,2595,48,fine_concrete
2596,2596,45,wood
2597,2597,54,tiled
2598,2598,70,soft_pvc
2599,2599,43,wood
2600,2600,65,wood
2601,2601,66,tiled
2602,2602,51,soft_pvc
2603,2603,62,concrete
2604,2604,36,fine_concrete
2605,2605,66,tiled
2606,2606,40,hard_tiles_large_space
2607,2607,45,wood
2608,2608,68,fine_concrete
2609,2609,43,wood
2610,2610,40,hard_tiles_large_space
2611,2611,66,tiled
2612,2612,55,tiled
2613,2613,48,fine_concrete
2614,2614,53,soft_pvc
2615,2615,71,tiled
2616,2616,39,concrete
2617,2617,64,tiled
2618,2618,54,tiled
2619,2619,40,hard_tiles_large_space
2620,2620,48,fine_concrete
2621,2621,38,wood
2622,2622,43,wood
2623,2623,58,soft_pvc
2624,2624,65,wood
2625,2625,70,soft_pvc
2626,2626,55,tiled
2627,2627,43,wood
2628,2628,72,fine_concrete
2629,2629,42,concrete
2630,2630,59,hard_tiles_large_space
2631,2631,38,wood
2632,2632,54,tiled
2633,2633,44,hard_tiles_large_space
2634,2634,50,concrete
2635,2635,41,concrete
2636,2636,72,fine_concrete
2637,2637,59,hard_tiles_large_space
2638,2638,55,tiled
2639,2639,55,tiled
2640,2640,64,tiled
2641,2641,44,hard_tiles_large_space
2642,2642,42,concrete
2643,2643,38,wood
2644,2644,61,concrete
2645,2645,66,tiled
2646,2646,53,soft_pvc
2647,2647,40,hard_tiles_large_space
2648,2648,39,concrete
2649,2649,68,fine_concrete
2650,2650,62,concrete
2651,2651,39,concrete
2652,2652,39,concrete
2653,2653,56,soft_pvc
2654,2654,69,soft_pvc
2655,2655,43,wood
2656,2656,60,carpet
2657,2657,55,tiled
2658,2658,48,fine_concrete
2659,2659,47,concrete
2660,2660,47,concrete
2661,2661,51,soft_pvc
2662,2662,54,tiled
2663,2663,53,soft_pvc
2664,2664,47,concrete
2665,2665,61,concrete
2666,2666,60,carpet
2667,2667,41,concrete
2668,2668,56,soft_pvc
2669,2669,41,concrete
2670,2670,60,carpet
2671,2671,49,wood
2672,2672,50,concrete
2673,2673,70,soft_pvc
2674,2674,71,tiled
2675,2675,69,soft_pvc
2676,2676,68,fine_concrete
2677,2677,43,wood
2678,2678,62,concrete
2679,2679,40,hard_tiles_large_space
2680,2680,44,hard_tiles_large_space
2681,2681,55,tiled
2682,2682,70,soft_pvc
2683,2683,41,concrete
2684,2684,42,concrete
2685,2685,62,concrete
2686,2686,61,concrete
2687,2687,62,concrete
2688,2688,42,concrete
2689,2689,51,soft_pvc
2690,2690,65,wood
2691,2691,38,wood
2692,2692,69,soft_pvc
2693,2693,45,wood
2694,2694,46,wood
2695,2695,53,soft_pvc
2696,2696,65,wood
2697,2697,54,tiled
2698,2698,54,tiled
2699,2699,70,soft_pvc
2700,2700,60,carpet
2701,2701,47,concrete
2702,2702,51,soft_pvc
2703,2703,61,concrete
2704,2704,45,wood
2705,2705,56,soft_pvc
2706,2706,42,concrete
2707,2707,45,wood
2708,2708,63,concrete
2709,2709,48,fine_concrete
2710,2710,69,soft_pvc
2711,2711,42,concrete
2712,2712,63,concrete
2713,2713,39,concrete
2714,2714,62,concrete
2715,2715,57,concrete
2716,2716,43,wood
2717,2717,51,soft_pvc
2718,2718,60,carpet
2719,2719,58,soft_pvc
2720,2720,49,wood
2721,2721,69,soft_pvc
2722,2722,63,concrete
2723,2723,66,tiled
2724,2724,69,soft_pvc
2725,2725,62,concrete
2726,2726,66,tiled
2727,2727,57,concrete
2728,2728,44,hard_tiles_large_space
2729,2729,72,fine_concrete
2730,2730,37,soft_pvc
2731,2731,69,soft_pvc
2732,2732,48,fine_concrete
2733,2733,40,hard_tiles_large_space
2734,2734,55,tiled
2735,2735,41,concrete
2736,2736,38,wood
2737,2737,72,fine_concrete
2738,2738,66,tiled
2739,2739,50,concrete
2740,2740,70,soft_pvc
2741,2741,42,concrete
2742,2742,49,wood
2743,2743,41,concrete
2744,2744,53,soft_pvc
2745,2745,49,wood
2746,2746,43,wood
2747,2747,46,wood
2748,2748,65,wood
2749,2749,65,wood
2750,2750,49,wood
2751,2751,39,concrete
2752,2752,39,concrete
2753,2753,59,hard_tiles_large_space
2754,2754,62,concrete
2755,2755,71,tiled
2756,2756,72,fine_concrete
2757,2757,61,concrete
2758,2758,49,wood
2759,2759,62,concrete
2760,2760,53,soft_pvc
2761,2761,42,concrete
2762,2762,44,hard_tiles_large_space
2763,2763,70,soft_pvc
2764,2764,65,wood
2765,2765,38,wood
2766,2766,70,soft_pvc
2767,2767,70,soft_pvc
2768,2768,41,concrete
2769,2769,55,tiled
2770,2770,65,wood
2771,2771,72,fine_concrete
2772,2772,38,wood
2773,2773,69,soft_pvc
2774,2774,44,hard_tiles_large_space
2775,2775,47,concrete
2776,2776,55,tiled
2777,2777,69,soft_pvc
2778,2778,42,concrete
2779,2779,56,soft_pvc
2780,2780,39,concrete
2781,2781,66,tiled
2782,2782,71,tiled
2783,2783,61,concrete
2784,2784,47,concrete
2785,2785,43,wood
2786,2786,66,tiled
2787,2787,65,wood
2788,2788,69,soft_pvc
2789,2789,62,concrete
2790,2790,70,soft_pvc
2791,2791,43,wood
2792,2792,51,soft_pvc
2793,2793,64,tiled
2794,2794,64,tiled
2795,2795,70,soft_pvc
2796,2796,62,concrete
2797,2797,61,concrete
2798,2798,70,soft_pvc
2799,2799,48,fine_concrete
2800,2800,48,fine_concrete
2801,2801,55,tiled
2802,2802,41,concrete
2803,2803,37,soft_pvc
2804,2804,47,concrete
2805,2805,71,tiled
2806,2806,46,wood
2807,2807,61,concrete
2808,2808,46,wood
2809,2809,51,soft_pvc
2810,2810,70,soft_pvc
2811,2811,65,wood
2812,2812,68,fine_concrete
2813,2813,43,wood
2814,2814,47,concrete
2815,2815,43,wood
2816,2816,61,concrete
2817,2817,45,wood
2818,2818,46,wood
2819,2819,50,concrete
2820,2820,45,wood
2821,2821,48,fine_concrete
2822,2822,44,hard_tiles_large_space
2823,2823,59,hard_tiles_large_space
2824,2824,71,tiled
2825,2825,59,hard_tiles_large_space
2826,2826,54,tiled
2827,2827,62,concrete
2828,2828,68,fine_concrete
2829,2829,57,concrete
2830,2830,69,soft_pvc
2831,2831,48,fine_concrete
2832,2832,49,wood
2833,2833,66,tiled
2834,2834,39,concrete
2835,2835,53,soft_pvc
2836,2836,61,concrete
2837,2837,53,soft_pvc
2838,2838,38,wood
2839,2839,59,hard_tiles_large_space
2840,2840,51,soft_pvc
2841,2841,39,concrete
2842,2842,43,wood
2843,2843,61,concrete
2844,2844,38,wood
2845,2845,65,wood
2846,2846,48,fine_concrete
2847,2847,53,soft_pvc
2848,2848,40,hard_tiles_large_space
2849,2849,44,hard_tiles_large_space
2850,2850,64,tiled
2851,2851,51,soft_pvc
2852,2852,40,hard_tiles_large_space
2853,2853,71,tiled
2854,2854,47,concrete
2855,2855,65,wood
2856,2856,44,hard_tiles_large_space
2857,2857,44,hard_tiles_large_space
2858,2858,68,fine_concrete
2859,2859,70,soft_pvc
2860,2860,43,wood
2861,2861,62,concrete
2862,2862,36,fine_concrete
2863,2863,52,carpet
2864,2864,59,hard_tiles_large_space
2865,2865,72,fine_concrete
2866,2866,59,hard_tiles_large_space
2867,2867,72,fine_concrete
2868,2868,71,tiled
2869,2869,59,hard_tiles_large_space
2870,2870,44,hard_tiles_large_space
2871,2871,38,wood
2872,2872,46,wood
2873,2873,55,tiled
2874,2874,51,soft_pvc
2875,2875,70,soft_pvc
2876,2876,59,hard_tiles_large_space
2877,2877,51,soft_pvc
2878,2878,60,carpet
2879,2879,70,soft_pvc
2880,2880,46,wood
2881,2881,64,tiled
2882,2882,38,wood
2883,2883,61,concrete
2884,2884,53,soft_pvc
2885,2885,66,tiled
2886,2886,62,concrete
2887,2887,39,concrete
2888,2888,43,wood
2889,2889,38,wood
2890,2890,65,wood
2891,2891,46,wood
2892,2892,68,fine_concrete
2893,2893,69,soft_pvc
2894,2894,40,hard_tiles_large_space
2895,2895,36,fine_concrete
2896,2896,42,concrete
2897,2897,64,tiled
2898,2898,46,wood
2899,2899,37,soft_pvc
2900,2900,55,tiled
2901,2901,59,hard_tiles_large_space
2902,2902,67,wood
2903,2903,51,soft_pvc
2904,2904,49,wood
2905,2905,46,wood
2906,2906,69,soft_pvc
2907,2907,71,tiled
2908,2908,54,tiled
2909,2909,45,wood
2910,2910,51,soft_pvc
2911,2911,46,wood
2912,2912,70,soft_pvc
2913,2913,60,carpet
2914,2914,53,soft_pvc
2915,2915,38,wood
2916,2916,49,wood
2917,2917,59,hard_tiles_large_space
2918,2918,48,fine_concrete
2919,2919,61,concrete
2920,2920,43,wood
2921,2921,43,wood
2922,2922,61,concrete
2923,2923,68,fine_concrete
2924,2924,59,hard_tiles_large_space
2925,2925,61,concrete
2926,2926,70,soft_pvc
2927,2927,41,concrete
2928,2928,48,fine_concrete
2929,2929,45,wood
2930,2930,61,concrete
2931,2931,60,carpet
2932,2932,37,soft_pvc
2933,2933,56,soft_pvc
2934,2934,59,hard_tiles_large_space
2935,2935,62,concrete
2936,2936,71,tiled
2937,2937,42,concrete
2938,2938,36,fine_concrete
2939,2939,51,soft_pvc
2940,2940,51,soft_pvc
2941,2941,61,concrete
2942,2942,51,soft_pvc
2943,2943,71,tiled
2944,2944,43,wood
2945,2945,54,tiled
2946,2946,59,hard_tiles_large_space
2947,2947,64,tiled
2948,2948,39,concrete
2949,2949,48,fine_concrete
2950,2950,72,fine_concrete
2951,2951,40,hard_tiles_large_space
2952,2952,40,hard_tiles_large_space
2953,2953,69,soft_pvc
2954,2954,69,soft_pvc
2955,2955,69,soft_pvc
2956,2956,69,soft_pvc
2957,2957,44,hard_tiles_large_space
2958,2958,65,wood
2959,2959,71,tiled
2960,2960,36,fine_concrete
2961,2961,40,hard_tiles_large_space
2962,2962,53,soft_pvc
2963,2963,60,carpet
2964,2964,56,soft_pvc
2965,2965,44,hard_tiles_large_space
2966,2966,46,wood
2967,2967,64,tiled
2968,2968,69,soft_pvc
2969,2969,51,soft_pvc
2970,2970,40,hard_tiles_large_space
2971,2971,49,wood
2972,2972,44,hard_tiles_large_space
2973,2973,67,wood
2974,2974,49,wood
2975,2975,68,fine_concrete
2976,2976,61,concrete
2977,2977,61,concrete
2978,2978,69,soft_pvc
2979,2979,69,soft_pvc
2980,2980,41,concrete
2981,2981,42,concrete
2982,2982,40,hard_tiles_large_space
2983,2983,55,tiled
2984,2984,46,wood
2985,2985,61,concrete
2986,2986,56,soft_pvc
2987,2987,69,soft_pvc
2988,2988,47,concrete
2989,2989,68,fine_concrete
2990,2990,39,concrete
2991,2991,42,concrete
2992,2992,60,carpet
2993,2993,55,tiled
2994,2994,71,tiled
2995,2995,39,concrete
2996,2996,44,hard_tiles_large_space
2997,2997,46,wood
2998,2998,47,concrete
2999,2999,66,tiled
3000,3000,48,fine_concrete
3001,3001,72,fine_concrete
3002,3002,41,concrete
3003,3003,72,fine_concrete
3004,3004,69,soft_pvc
3005,3005,36,fine_concrete
3006,3006,46,wood
3007,3007,68,fine_concrete
3008,3008,61,concrete
3009,3009,53,soft_pvc
3010,3010,45,wood
3011,3011,62,concrete
3012,3012,58,soft_pvc
3013,3013,68,fine_concrete
3014,3014,66,tiled
3015,3015,51,soft_pvc
3016,3016,44,hard_tiles_large_space
3017,3017,62,concrete
3018,3018,55,tiled
3019,3019,56,soft_pvc
3020,3020,39,concrete
3021,3021,68,fine_concrete
3022,3022,49,wood
3023,3023,54,tiled
3024,3024,52,carpet
3025,3025,43,wood
3026,3026,47,concrete
3027,3027,48,fine_concrete
3028,3028,41,concrete
3029,3029,40,hard_tiles_large_space
3030,3030,51,soft_pvc
3031,3031,70,soft_pvc
3032,3032,40,hard_tiles_large_space
3033,3033,68,fine_concrete
3034,3034,55,tiled
3035,3035,52,carpet
3036,3036,36,fine_concrete
3037,3037,71,tiled
3038,3038,62,concrete
3039,3039,70,soft_pvc
3040,3040,54,tiled
3041,3041,45,wood
3042,3042,54,tiled
3043,3043,46,wood
3044,3044,36,fine_concrete
3045,3045,48,fine_concrete
3046,3046,40,hard_tiles_large_space
3047,3047,46,wood
3048,3048,47,concrete
3049,3049,45,wood
3050,3050,43,wood
3051,3051,40,hard_tiles_large_space
3052,3052,41,concrete
3053,3053,66,tiled
3054,3054,62,concrete
3055,3055,63,concrete
3056,3056,41,concrete
3057,3057,48,fine_concrete
3058,3058,44,hard_tiles_large_space
3059,3059,54,tiled
3060,3060,49,wood
3061,3061,45,wood
3062,3062,39,concrete
3063,3063,60,carpet
3064,3064,55,tiled
3065,3065,71,tiled
3066,3066,55,tiled
3067,3067,66,tiled
3068,3068,51,soft_pvc
3069,3069,47,concrete
3070,3070,41,concrete
3071,3071,49,wood
3072,3072,69,soft_pvc
3073,3073,61,concrete
3074,3074,71,tiled
3075,3075,40,hard_tiles_large_space
3076,3076,66,tiled
3077,3077,53,soft_pvc
3078,3078,45,wood
3079,3079,70,soft_pvc
3080,3080,72,fine_concrete
3081,3081,38,wood
3082,3082,45,wood
3083,3083,49,wood
3084,3084,51,soft_pvc
3085,3085,38,wood
3086,3086,45,wood
3087,3087,42,concrete
3088,3088,38,wood
3089,3089,62,concrete
3090,3090,65,wood
3091,3091,63,concrete
3092,3092,59,hard_tiles_large_space
3093,3093,48,fine_concrete
3094,3094,37,soft_pvc
3095,3095,41,concrete
3096,3096,46,wood
3097,3097,42,concrete
3098,3098,62,concrete
3099,3099,60,carpet
3100,3100,69,soft_pvc
3101,3101,53,soft_pvc
3102,3102,42,concrete
3103,3103,57,concrete
3104,3104,70,soft_pvc
3105,3105,45,wood
3106,3106,54,tiled
3107,3107,60,carpet
3108,3108,43,wood
3109,3109,64,tiled
3110,3110,51,soft_pvc
3111,3111,70,soft_pvc
3112,3112,72,fine_concrete
3113,3113,54,tiled
3114,3114,50,concrete
3115,3115,43,wood
3116,3116,47,concrete
3117,3117,54,tiled
3118,3118,68,fine_concrete
3119,3119,64,tiled
3120,3120,51,soft_pvc
3121,3121,47,concrete
3122,3122,49,wood
3123,3123,62,concrete
3124,3124,57,concrete
3125,3125,53,soft_pvc
3126,3126,47,concrete
3127,3127,38,wood
3128,3128,66,tiled
3129,3129,44,hard_tiles_large_space
3130,3130,45,wood
3131,3131,62,concrete
3132,3132,55,tiled
3133,3133,40,hard_tiles_large_space
3134,3134,41,concrete
3135,3135,62,concrete
3136,3136,46,wood
3137,3137,70,soft_pvc
3138,3138,65,wood
3139,3139,63,concrete
3140,3140,56,soft_pvc
3141,3141,54,tiled
3142,3142,38,wood
3143,3143,43,wood
3144,3144,62,concrete
3145,3145,49,wood
3146,3146,38,wood
3147,3147,65,wood
3148,3148,66,tiled
3149,3149,69,soft_pvc
3150,3150,51,soft_pvc
3151,3151,53,soft_pvc
3152,3152,68,fine_concrete
3153,3153,48,fine_concrete
3154,3154,68,fine_concrete
3155,3155,39,concrete
3156,3156,45,wood
3157,3157,71,tiled
3158,3158,60,carpet
3159,3159,57,concrete
3160,3160,39,concrete
3161,3161,39,concrete
3162,3162,47,concrete
3163,3163,49,wood
3164,3164,39,concrete
3165,3165,40,hard_tiles_large_space
3166,3166,70,soft_pvc
3167,3167,38,wood
3168,3168,68,fine_concrete
3169,3169,68,fine_concrete
3170,3170,42,concrete
3171,3171,44,hard_tiles_large_space
3172,3172,41,concrete
3173,3173,41,concrete
3174,3174,60,carpet
3175,3175,63,concrete
3176,3176,68,fine_concrete
3177,3177,38,wood
3178,3178,64,tiled
3179,3179,40,hard_tiles_large_space
3180,3180,57,concrete
3181,3181,59,hard_tiles_large_space
3182,3182,55,tiled
3183,3183,55,tiled
3184,3184,37,soft_pvc
3185,3185,60,carpet
3186,3186,36,fine_concrete
3187,3187,65,wood
3188,3188,42,concrete
3189,3189,36,fine_concrete
3190,3190,64,tiled
3191,3191,46,wood
3192,3192,41,concrete
3193,3193,51,soft_pvc
3194,3194,44,hard_tiles_large_space
3195,3195,64,tiled
3196,3196,37,soft_pvc
3197,3197,61,concrete
3198,3198,39,concrete
3199,3199,61,concrete
3200,3200,61,concrete
3201,3201,42,concrete
3202,3202,46,wood
3203,3203,51,soft_pvc
3204,3204,47,concrete
3205,3205,47,concrete
3206,3206,71,tiled
3207,3207,56,soft_pvc
3208,3208,55,tiled
3209,3209,49,wood
3210,3210,38,wood
3211,3211,43,wood
3212,3212,47,concrete
3213,3213,40,hard_tiles_large_space
3214,3214,70,soft_pvc
3215,3215,42,concrete
3216,3216,62,concrete
3217,3217,59,hard_tiles_large_space
3218,3218,53,soft_pvc
3219,3219,55,tiled
3220,3220,70,soft_pvc
3221,3221,47,concrete
3222,3222,36,fine_concrete
3223,3223,66,tiled
3224,3224,65,wood
3225,3225,59,hard_tiles_large_space
3226,3226,54,tiled
3227,3227,55,tiled
3228,3228,71,tiled
3229,3229,38,wood
3230,3230,55,tiled
3231,3231,61,concrete
3232,3232,54,tiled
3233,3233,42,concrete
3234,3234,47,concrete
3235,3235,41,concrete
3236,3236,65,wood
3237,3237,43,wood
3238,3238,70,soft_pvc
3239,3239,65,wood
3240,3240,41,concrete
3241,3241,47,concrete
3242,3242,42,concrete
3243,3243,40,hard_tiles_large_space
3244,3244,52,carpet
3245,3245,53,soft_pvc
3246,3246,46,wood
3247,3247,69,soft_pvc
3248,3248,65,wood
3249,3249,45,wood
3250,3250,70,soft_pvc
3251,3251,38,wood
3252,3252,45,wood
3253,3253,54,tiled
3254,3254,37,soft_pvc
3255,3255,54,tiled
3256,3256,67,wood
3257,3257,70,soft_pvc
3258,3258,68,fine_concrete
3259,3259,48,fine_concrete
3260,3260,54,tiled
3261,3261,54,tiled
3262,3262,48,fine_concrete
3263,3263,65,wood
3264,3264,55,tiled
3265,3265,51,soft_pvc
3266,3266,42,concrete
3267,3267,46,wood
3268,3268,47,concrete
3269,3269,62,concrete
3270,3270,65,wood
3271,3271,56,soft_pvc
3272,3272,44,hard_tiles_large_space
3273,3273,71,tiled
3274,3274,48,fine_concrete
3275,3275,41,concrete
3276,3276,59,hard_tiles_large_space
3277,3277,69,soft_pvc
3278,3278,41,concrete
3279,3279,49,wood
3280,3280,47,concrete
3281,3281,48,fine_concrete
3282,3282,48,fine_concrete
3283,3283,68,fine_concrete
3284,3284,61,concrete
3285,3285,42,concrete
3286,3286,70,soft_pvc
3287,3287,71,tiled
3288,3288,64,tiled
3289,3289,36,fine_concrete
3290,3290,45,wood
3291,3291,68,fine_concrete
3292,3292,57,concrete
3293,3293,39,concrete
3294,3294,47,concrete
3295,3295,44,hard_tiles_large_space
3296,3296,54,tiled
3297,3297,59,hard_tiles_large_space
3298,3298,62,concrete
3299,3299,60,carpet
3300,3300,55,tiled
3301,3301,65,wood
3302,3302,37,soft_pvc
3303,3303,65,wood
3304,3304,41,concrete
3305,3305,65,wood
3306,3306,58,soft_pvc
3307,3307,55,tiled
3308,3308,45,wood
3309,3309,69,soft_pvc
3310,3310,54,tiled
3311,3311,36,fine_concrete
3312,3312,37,soft_pvc
3313,3313,64,tiled
3314,3314,61,concrete
3315,3315,36,fine_concrete
3316,3316,49,wood
3317,3317,40,hard_tiles_large_space
3318,3318,49,wood
3319,3319,53,soft_pvc
3320,3320,66,tiled
3321,3321,42,concrete
3322,3322,55,tiled
3323,3323,71,tiled
3324,3324,44,hard_tiles_large_space
3325,3325,49,wood
3326,3326,60,carpet
3327,3327,65,wood
3328,3328,59,hard_tiles_large_space
3329,3329,55,tiled
3330,3330,37,soft_pvc
3331,3331,57,concrete
3332,3332,54,tiled
3333,3333,68,fine_concrete
3334,3334,41,concrete
3335,3335,60,carpet
3336,3336,38,wood
3337,3337,54,tiled
3338,3338,68,fine_concrete
3339,3339,70,soft_pvc
3340,3340,56,soft_pvc
3341,3341,71,tiled
3342,3342,72,fine_concrete
3343,3343,66,tiled
3344,3344,62,concrete
3345,3345,45,wood
3346,3346,48,fine_concrete
3347,3347,40,hard_tiles_large_space
3348,3348,70,soft_pvc
3349,3349,44,hard_tiles_large_space
3350,3350,62,concrete
3351,3351,56,soft_pvc
3352,3352,64,tiled
3353,3353,63,concrete
3354,3354,59,hard_tiles_large_space
3355,3355,38,wood
3356,3356,41,concrete
3357,3357,61,concrete
3358,3358,65,wood
3359,3359,46,wood
3360,3360,63,concrete
3361,3361,38,wood
3362,3362,48,fine_concrete
3363,3363,59,hard_tiles_large_space
3364,3364,48,fine_concrete
3365,3365,55,tiled
3366,3366,38,wood
3367,3367,51,soft_pvc
3368,3368,53,soft_pvc
3369,3369,61,concrete
3370,3370,72,fine_concrete
3371,3371,59,hard_tiles_large_space
3372,3372,45,wood
3373,3373,39,concrete
3374,3374,71,tiled
3375,3375,56,soft_pvc
3376,3376,40,hard_tiles_large_space
3377,3377,69,soft_pvc
3378,3378,53,soft_pvc
3379,3379,71,tiled
3380,3380,72,fine_concrete
3381,3381,38,wood
3382,3382,45,wood
3383,3383,68,fine_concrete
3384,3384,62,concrete
3385,3385,51,soft_pvc
3386,3386,47,concrete
3387,3387,53,soft_pvc
3388,3388,49,wood
3389,3389,60,carpet
3390,3390,69,soft_pvc
3391,3391,44,hard_tiles_large_space
3392,3392,39,concrete
3393,3393,36,fine_concrete
3394,3394,49,wood
3395,3395,60,carpet
3396,3396,53,soft_pvc
3397,3397,62,concrete
3398,3398,42,concrete
3399,3399,70,soft_pvc
3400,3400,51,soft_pvc
3401,3401,47,concrete
3402,3402,68,fine_concrete
3403,3403,48,fine_concrete
3404,3404,70,soft_pvc
3405,3405,39,concrete
3406,3406,40,hard_tiles_large_space
3407,3407,57,concrete
3408,3408,47,concrete
3409,3409,60,carpet
3410,3410,42,concrete
3411,3411,39,concrete
3412,3412,69,soft_pvc
3413,3413,72,fine_concrete
3414,3414,45,wood
3415,3415,57,concrete
3416,3416,38,wood
3417,3417,48,fine_concrete
3418,3418,44,hard_tiles_large_space
3419,3419,40,hard_tiles_large_space
3420,3420,49,wood
3421,3421,58,soft_pvc
3422,3422,71,tiled
3423,3423,41,concrete
3424,3424,39,concrete
3425,3425,70,soft_pvc
3426,3426,43,wood
3427,3427,60,carpet
3428,3428,43,wood
3429,3429,49,wood
3430,3430,42,concrete
3431,3431,44,hard_tiles_large_space
3432,3432,64,tiled
3433,3433,39,concrete
3434,3434,61,concrete
3435,3435,47,concrete
3436,3436,56,soft_pvc
3437,3437,45,wood
3438,3438,66,tiled
3439,3439,50,concrete
3440,3440,41,concrete
3441,3441,71,tiled
3442,3442,47,concrete
3443,3443,60,carpet
3444,3444,42,concrete
3445,3445,45,wood
3446,3446,64,tiled
3447,3447,65,wood
3448,3448,48,fine_concrete
3449,3449,51,soft_pvc
3450,3450,40,hard_tiles_large_space
3451,3451,53,soft_pvc
3452,3452,66,tiled
3453,3453,61,concrete
3454,3454,44,hard_tiles_large_space
3455,3455,43,wood
3456,3456,41,concrete
3457,3457,68,fine_concrete
3458,3458,48,fine_concrete
3459,3459,38,wood
3460,3460,55,tiled
3461,3461,66,tiled
3462,3462,55,tiled
3463,3463,59,hard_tiles_large_space
3464,3464,69,soft_pvc
3465,3465,72,fine_concrete
3466,3466,49,wood
3467,3467,68,fine_concrete
3468,3468,53,soft_pvc
3469,3469,70,soft_pvc
3470,3470,65,wood
3471,3471,62,concrete
3472,3472,71,tiled
3473,3473,66,tiled
3474,3474,46,wood
3475,3475,53,soft_pvc
3476,3476,41,concrete
3477,3477,40,hard_tiles_large_space
3478,3478,64,tiled
3479,3479,46,wood
3480,3480,39,concrete
3481,3481,41,concrete
3482,3482,55,tiled
3483,3483,59,hard_tiles_large_space
3484,3484,66,tiled
3485,3485,48,fine_concrete
3486,3486,63,concrete
3487,3487,54,tiled
3488,3488,66,tiled
3489,3489,40,hard_tiles_large_space
3490,3490,64,tiled
3491,3491,71,tiled
3492,3492,72,fine_concrete
3493,3493,48,fine_concrete
3494,3494,54,tiled
3495,3495,61,concrete
3496,3496,64,tiled
3497,3497,45,wood
3498,3498,58,soft_pvc
3499,3499,54,tiled
3500,3500,41,concrete
3501,3501,43,wood
3502,3502,49,wood
3503,3503,72,fine_concrete
3504,3504,42,concrete
3505,3505,72,fine_concrete
3506,3506,62,concrete
3507,3507,45,wood
3508,3508,44,hard_tiles_large_space
3509,3509,40,hard_tiles_large_space
3510,3510,53,soft_pvc
3511,3511,51,soft_pvc
3512,3512,36,fine_concrete
3513,3513,41,concrete
3514,3514,69,soft_pvc
3515,3515,40,hard_tiles_large_space
3516,3516,69,soft_pvc
3517,3517,39,concrete
3518,3518,37,soft_pvc
3519,3519,41,concrete
3520,3520,61,concrete
3521,3521,44,hard_tiles_large_space
3522,3522,47,concrete
3523,3523,41,concrete
3524,3524,42,concrete
3525,3525,71,tiled
3526,3526,60,carpet
3527,3527,49,wood
3528,3528,37,soft_pvc
3529,3529,49,wood
3530,3530,72,fine_concrete
3531,3531,48,fine_concrete
3532,3532,55,tiled
3533,3533,46,wood
3534,3534,71,tiled
3535,3535,68,fine_concrete
3536,3536,59,hard_tiles_large_space
3537,3537,60,carpet
3538,3538,61,concrete
3539,3539,57,concrete
3540,3540,48,fine_concrete
3541,3541,62,concrete
3542,3542,40,hard_tiles_large_space
3543,3543,66,tiled
3544,3544,59,hard_tiles_large_space
3545,3545,38,wood
3546,3546,68,fine_concrete
3547,3547,51,soft_pvc
3548,3548,44,hard_tiles_large_space
3549,3549,37,soft_pvc
3550,3550,69,soft_pvc
3551,3551,64,tiled
3552,3552,59,hard_tiles_large_space
3553,3553,59,hard_tiles_large_space
3554,3554,44,hard_tiles_large_space
3555,3555,64,tiled
3556,3556,45,wood
3557,3557,42,concrete
3558,3558,66,tiled
3559,3559,53,soft_pvc
3560,3560,53,soft_pvc
3561,3561,53,soft_pvc
3562,3562,41,concrete
3563,3563,38,wood
3564,3564,55,tiled
3565,3565,45,wood
3566,3566,47,concrete
3567,3567,43,wood
3568,3568,53,soft_pvc
3569,3569,55,tiled
3570,3570,65,wood
3571,3571,42,concrete
3572,3572,70,soft_pvc
3573,3573,51,soft_pvc
3574,3574,52,carpet
3575,3575,42,concrete
3576,3576,44,hard_tiles_large_space
3577,3577,40,hard_tiles_large_space
3578,3578,51,soft_pvc
3579,3579,69,soft_pvc
3580,3580,39,concrete
3581,3581,36,fine_concrete
3582,3582,59,hard_tiles_large_space
3583,3583,46,wood
3584,3584,47,concrete
3585,3585,45,wood
3586,3586,38,wood
3587,3587,66,tiled
3588,3588,46,wood
3589,3589,61,concrete
3590,3590,43,wood
3591,3591,40,hard_tiles_large_space
3592,3592,60,carpet
3593,3593,54,tiled
3594,3594,66,tiled
3595,3595,39,concrete
3596,3596,66,tiled
3597,3597,60,carpet
3598,3598,72,fine_concrete
3599,3599,40,hard_tiles_large_space
3600,3600,40,hard_tiles_large_space
3601,3601,46,wood
3602,3602,43,wood
3603,3603,54,tiled
3604,3604,55,tiled
3605,3605,64,tiled
3606,3606,62,concrete
3607,3607,53,soft_pvc
3608,3608,70,soft_pvc
3609,3609,47,concrete
3610,3610,47,concrete
3611,3611,71,tiled
3612,3612,43,wood
3613,3613,39,concrete
3614,3614,41,concrete
3615,3615,70,soft_pvc
3616,3616,41,concrete
3617,3617,47,concrete
3618,3618,69,soft_pvc
3619,3619,41,concrete
3620,3620,62,concrete
3621,3621,44,hard_tiles_large_space
3622,3622,49,wood
3623,3623,60,carpet
3624,3624,44,hard_tiles_large_space
3625,3625,59,hard_tiles_large_space
3626,3626,40,hard_tiles_large_space
3627,3627,40,hard_tiles_large_space
3628,3628,69,soft_pvc
3629,3629,37,soft_pvc
3630,3630,45,wood
3631,3631,60,carpet
3632,3632,53,soft_pvc
3633,3633,46,wood
3634,3634,53,soft_pvc
3635,3635,67,wood
3636,3636,37,soft_pvc
3637,3637,45,wood
3638,3638,60,carpet
3639,3639,42,concrete
3640,3640,71,tiled
3641,3641,42,concrete
3642,3642,39,concrete
3643,3643,67,wood
3644,3644,44,hard_tiles_large_space
3645,3645,54,tiled
3646,3646,46,wood
3647,3647,65,wood
3648,3648,42,concrete
3649,3649,62,concrete
3650,3650,53,soft_pvc
3651,3651,65,wood
3652,3652,64,tiled
3653,3653,46,wood
3654,3654,48,fine_concrete
3655,3655,43,wood
3656,3656,68,fine_concrete
3657,3657,62,concrete
3658,3658,39,concrete
3659,3659,68,fine_concrete
3660,3660,64,tiled
3661,3661,53,soft_pvc
3662,3662,63,concrete
3663,3663,63,concrete
3664,3664,66,tiled
3665,3665,39,concrete
3666,3666,51,soft_pvc
3667,3667,39,concrete
3668,3668,66,tiled
3669,3669,49,wood
3670,3670,54,tiled
3671,3671,46,wood
3672,3672,68,fine_concrete
3673,3673,39,concrete
3674,3674,46,wood
3675,3675,43,wood
3676,3676,71,tiled
3677,3677,54,tiled
3678,3678,70,soft_pvc
3679,3679,49,wood
3680,3680,62,concrete
3681,3681,42,concrete
3682,3682,57,concrete
3683,3683,66,tiled
3684,3684,61,concrete
3685,3685,59,hard_tiles_large_space
3686,3686,64,tiled
3687,3687,72,fine_concrete
3688,3688,72,fine_concrete
3689,3689,51,soft_pvc
3690,3690,60,carpet
3691,3691,66,tiled
3692,3692,38,wood
3693,3693,38,wood
3694,3694,70,soft_pvc
3695,3695,69,soft_pvc
3696,3696,48,fine_concrete
3697,3697,45,wood
3698,3698,60,carpet
3699,3699,54,tiled
3700,3700,38,wood
3701,3701,51,soft_pvc
3702,3702,36,fine_concrete
3703,3703,62,concrete
3704,3704,55,tiled
3705,3705,71,tiled
3706,3706,68,fine_concrete
3707,3707,70,soft_pvc
3708,3708,56,soft_pvc
3709,3709,61,concrete
3710,3710,68,fine_concrete
3711,3711,69,soft_pvc
3712,3712,70,soft_pvc
3713,3713,47,concrete
3714,3714,60,carpet
3715,3715,61,concrete
3716,3716,48,fine_concrete
3717,3717,46,wood
3718,3718,42,concrete
3719,3719,43,wood
3720,3720,56,soft_pvc
3721,3721,53,soft_pvc
3722,3722,53,soft_pvc
3723,3723,48,fine_concrete
3724,3724,49,wood
3725,3725,53,soft_pvc
3726,3726,72,fine_concrete
3727,3727,54,tiled
3728,3728,36,fine_concrete
3729,3729,41,concrete
3730,3730,47,concrete
3731,3731,65,wood
3732,3732,60,carpet
3733,3733,41,concrete
3734,3734,43,wood
3735,3735,53,soft_pvc
3736,3736,37,soft_pvc
3737,3737,49,wood
3738,3738,70,soft_pvc
3739,3739,65,wood
3740,3740,41,concrete
3741,3741,66,tiled
3742,3742,64,tiled
3743,3743,39,concrete
3744,3744,59,hard_tiles_large_space
3745,3745,61,concrete
3746,3746,44,hard_tiles_large_space
3747,3747,49,wood
3748,3748,55,tiled
3749,3749,53,soft_pvc
3750,3750,46,wood
3751,3751,48,fine_concrete
3752,3752,64,tiled
3753,3753,42,concrete
3754,3754,62,concrete
3755,3755,54,tiled
3756,3756,39,concrete
3757,3757,56,soft_pvc
3758,3758,65,wood
3759,3759,46,wood
3760,3760,68,fine_concrete
3761,3761,62,concrete
3762,3762,44,hard_tiles_large_space
3763,3763,36,fine_concrete
3764,3764,38,wood
3765,3765,47,concrete
3766,3766,68,fine_concrete
3767,3767,39,concrete
3768,3768,60,carpet
3769,3769,63,concrete
3770,3770,42,concrete
3771,3771,55,tiled
3772,3772,36,fine_concrete
3773,3773,44,hard_tiles_large_space
3774,3774,60,carpet
3775,3775,44,hard_tiles_large_space
3776,3776,64,tiled
3777,3777,44,hard_tiles_large_space
3778,3778,41,concrete
3779,3779,55,tiled
3780,3780,63,concrete
3781,3781,40,hard_tiles_large_space
3782,3782,72,fine_concrete
3783,3783,72,fine_concrete
3784,3784,71,tiled
3785,3785,49,wood
3786,3786,68,fine_concrete
3787,3787,62,concrete
3788,3788,69,soft_pvc
3789,3789,46,wood
